hour,n_withdraws,n_wd_wallets,outflow_usdc
2023-02-20 01:00:00.000 UTC,3,2,330498.95209599996
2023-02-20 02:00:00.000 UTC,1,1,49323.283886
2023-02-20 04:00:00.000 UTC,5,3,284022.25
2023-02-20 06:00:00.000 UTC,2,2,137046.026005
2023-02-20 07:00:00.000 UTC,2,2,12103.701948
2023-02-20 08:00:00.000 UTC,1,1,25607.813684
2023-02-20 09:00:00.000 UTC,1,1,4000
2023-02-20 10:00:00.000 UTC,4,3,118990.780936
2023-02-20 11:00:00.000 UTC,6,6,4459169.981973
2023-02-20 12:00:00.000 UTC,3,2,803375.198662
2023-02-20 13:00:00.000 UTC,3,3,845177.926421
2023-02-20 14:00:00.000 UTC,1,1,504330.115436
2023-02-20 15:00:00.000 UTC,1,1,1220.768753
2023-02-20 16:00:00.000 UTC,3,1,520000
2023-02-20 17:00:00.000 UTC,2,2,41000
2023-02-20 18:00:00.000 UTC,1,1,1200
2023-02-20 19:00:00.000 UTC,1,1,1398.6
2023-02-20 20:00:00.000 UTC,4,4,6636398.77066
2023-02-20 21:00:00.000 UTC,4,3,434147.296294
2023-02-20 23:00:00.000 UTC,2,2,10008.589402000001
2023-02-21 00:00:00.000 UTC,1,1,42
2023-02-21 01:00:00.000 UTC,3,3,817107.172693
2023-02-21 02:00:00.000 UTC,1,1,168984.440756
2023-02-21 04:00:00.000 UTC,2,2,329692.901125
2023-02-21 05:00:00.000 UTC,3,3,1925000
2023-02-21 07:00:00.000 UTC,5,4,308623.586191
2023-02-21 08:00:00.000 UTC,2,2,4005635.342974
2023-02-21 09:00:00.000 UTC,7,6,1459294.949459
2023-02-21 10:00:00.000 UTC,2,2,241327.99891
2023-02-21 11:00:00.000 UTC,2,2,237047.255989
2023-02-21 12:00:00.000 UTC,3,3,181271.959404
2023-02-21 13:00:00.000 UTC,2,2,87015.585026
2023-02-21 14:00:00.000 UTC,2,1,3000.0000769999997
2023-02-21 15:00:00.000 UTC,2,2,57850.117249
2023-02-21 16:00:00.000 UTC,1,1,19183.86581
2023-02-21 17:00:00.000 UTC,4,3,222817.703407
2023-02-21 18:00:00.000 UTC,1,1,158597.495771
2023-02-21 19:00:00.000 UTC,1,1,346107.871609
2023-02-21 21:00:00.000 UTC,3,3,3208509.146638
2023-02-21 22:00:00.000 UTC,5,4,3196571.6328879995
2023-02-21 23:00:00.000 UTC,2,2,757923.442308
2023-02-22 00:00:00.000 UTC,2,2,1010
2023-02-22 04:00:00.000 UTC,2,2,70534.972615
2023-02-22 05:00:00.000 UTC,1,1,4102294.830659
2023-02-22 07:00:00.000 UTC,5,5,1909690
2023-02-22 08:00:00.000 UTC,3,3,1828445.0069249999
2023-02-22 10:00:00.000 UTC,3,2,3012845.144343
2023-02-22 11:00:00.000 UTC,1,1,2900
2023-02-22 12:00:00.000 UTC,5,5,41094.057025
2023-02-22 13:00:00.000 UTC,1,1,10003.397804
2023-02-22 14:00:00.000 UTC,3,3,1488662.787516
2023-02-22 15:00:00.000 UTC,2,2,1793716.8912520001
2023-02-22 16:00:00.000 UTC,5,5,881279.761161
2023-02-22 17:00:00.000 UTC,1,1,60000
2023-02-22 18:00:00.000 UTC,1,1,87113.570797
2023-02-22 19:00:00.000 UTC,2,1,10393480.786493002
2023-02-22 21:00:00.000 UTC,2,1,90027
2023-02-22 22:00:00.000 UTC,2,1,2000
2023-02-22 23:00:00.000 UTC,5,5,5669958.404831
2023-02-23 02:00:00.000 UTC,1,1,100000
2023-02-23 03:00:00.000 UTC,3,2,1980072
2023-02-23 04:00:00.000 UTC,6,5,953654.413559
2023-02-23 05:00:00.000 UTC,3,2,14000.140136999999
2023-02-23 06:00:00.000 UTC,2,2,157900
2023-02-23 07:00:00.000 UTC,7,6,5083512.315258999
2023-02-23 09:00:00.000 UTC,5,5,3677589.635086
2023-02-23 10:00:00.000 UTC,1,1,4447.77627
2023-02-23 11:00:00.000 UTC,5,4,1242537.2828310002
2023-02-23 12:00:00.000 UTC,3,3,406776.373568
2023-02-23 13:00:00.000 UTC,1,1,100000
2023-02-23 14:00:00.000 UTC,2,1,42037.8
2023-02-23 15:00:00.000 UTC,2,2,22500
2023-02-23 16:00:00.000 UTC,1,1,20383.34045
2023-02-23 17:00:00.000 UTC,2,2,980702.987053
2023-02-23 18:00:00.000 UTC,4,4,139061.119893
2023-02-23 20:00:00.000 UTC,2,2,20005
2023-02-23 22:00:00.000 UTC,1,1,65313.607851
2023-02-24 01:00:00.000 UTC,2,2,420815.16293399996
2023-02-24 02:00:00.000 UTC,2,2,17666.760757
2023-02-24 03:00:00.000 UTC,1,1,19028.148098
2023-02-24 05:00:00.000 UTC,4,4,7579236.7954319995
2023-02-24 07:00:00.000 UTC,2,2,81843.841886
2023-02-24 08:00:00.000 UTC,1,1,200000
2023-02-24 09:00:00.000 UTC,2,1,11231.073743
2023-02-24 10:00:00.000 UTC,3,2,490144.990298
2023-02-24 11:00:00.000 UTC,2,2,85651.868611
2023-02-24 13:00:00.000 UTC,2,2,30474.901362
2023-02-24 14:00:00.000 UTC,11,3,12683754.029919
2023-02-24 15:00:00.000 UTC,3,3,6485396.725489
2023-02-24 17:00:00.000 UTC,3,2,3266916.5558639998
2023-02-24 18:00:00.000 UTC,2,1,51000
2023-02-24 19:00:00.000 UTC,1,1,509.945579
2023-02-24 20:00:00.000 UTC,2,2,548566.208496
2023-02-24 21:00:00.000 UTC,4,2,4982864.332022
2023-02-24 22:00:00.000 UTC,1,1,258655.947918
2023-02-25 00:00:00.000 UTC,1,1,5011.584172
2023-02-25 02:00:00.000 UTC,2,2,18492.993579
2023-02-25 03:00:00.000 UTC,2,1,29454.011519
2023-02-25 04:00:00.000 UTC,3,3,1177315.313483
2023-02-25 05:00:00.000 UTC,4,2,31739.413525
2023-02-25 06:00:00.000 UTC,2,2,998.3960010000001
2023-02-25 09:00:00.000 UTC,3,3,19614.614176000003
2023-02-25 10:00:00.000 UTC,1,1,412636.003704
2023-02-25 11:00:00.000 UTC,1,1,1200
2023-02-25 12:00:00.000 UTC,1,1,150000
2023-02-25 13:00:00.000 UTC,1,1,200000
2023-02-25 14:00:00.000 UTC,1,1,3225
2023-02-25 15:00:00.000 UTC,17,6,11191622.625288
2023-02-25 16:00:00.000 UTC,2,2,437.225054
2023-02-25 18:00:00.000 UTC,1,1,1004.279518
2023-02-25 19:00:00.000 UTC,2,2,109064.018323
2023-02-25 20:00:00.000 UTC,1,1,514930.574032
2023-02-25 21:00:00.000 UTC,1,1,6106
2023-02-25 22:00:00.000 UTC,1,1,20000
2023-02-25 23:00:00.000 UTC,3,3,541873.363472
2023-02-26 00:00:00.000 UTC,2,2,13011.733317
2023-02-26 04:00:00.000 UTC,2,2,20992.396784
2023-02-26 05:00:00.000 UTC,5,1,6385505.215629
2023-02-26 06:00:00.000 UTC,1,1,37110.745422
2023-02-26 07:00:00.000 UTC,1,1,1005.828171
2023-02-26 09:00:00.000 UTC,4,4,23160.802505
2023-02-26 11:00:00.000 UTC,1,1,2
2023-02-26 12:00:00.000 UTC,3,3,8723.165352
2023-02-26 13:00:00.000 UTC,3,2,112311.431736
2023-02-26 14:00:00.000 UTC,5,4,160056.65449400002
2023-02-26 15:00:00.000 UTC,2,2,520719.041472
2023-02-26 16:00:00.000 UTC,2,2,2119649.421321
2023-02-26 17:00:00.000 UTC,1,1,1322.544164
2023-02-26 18:00:00.000 UTC,7,6,542602.582682
2023-02-26 19:00:00.000 UTC,3,1,218545.002277
2023-02-26 20:00:00.000 UTC,2,1,30027
2023-02-26 21:00:00.000 UTC,2,1,35000
2023-02-26 22:00:00.000 UTC,1,1,2045.468871
2023-02-26 23:00:00.000 UTC,5,3,265030.6
2023-02-27 00:00:00.000 UTC,1,1,484.593588
2023-02-27 01:00:00.000 UTC,1,1,30000
2023-02-27 02:00:00.000 UTC,5,5,965943.3043689999
2023-02-27 04:00:00.000 UTC,1,1,679500
2023-02-27 06:00:00.000 UTC,1,1,243.392492
2023-02-27 07:00:00.000 UTC,1,1,200000
2023-02-27 08:00:00.000 UTC,1,1,30.000001
2023-02-27 09:00:00.000 UTC,2,1,30000
2023-02-27 10:00:00.000 UTC,2,2,378608.71892799996
2023-02-27 11:00:00.000 UTC,2,2,27071.176817
2023-02-27 13:00:00.000 UTC,3,3,106178.236013
2023-02-27 14:00:00.000 UTC,2,1,2285223.288843
2023-02-27 15:00:00.000 UTC,3,2,55022.5
2023-02-27 16:00:00.000 UTC,8,3,9087183.541105
2023-02-27 17:00:00.000 UTC,2,2,17000
2023-02-27 18:00:00.000 UTC,2,1,16000
2023-02-27 19:00:00.000 UTC,6,3,4354133.097398
2023-02-27 20:00:00.000 UTC,2,2,5433701.747502
2023-02-27 21:00:00.000 UTC,2,2,4231850.272592
2023-02-27 22:00:00.000 UTC,2,2,80955.611493
2023-02-27 23:00:00.000 UTC,1,1,10000
2023-02-28 00:00:00.000 UTC,1,1,97641.069589
2023-02-28 02:00:00.000 UTC,2,2,13967.543316000001
2023-02-28 04:00:00.000 UTC,3,1,70091.42262099999
2023-02-28 05:00:00.000 UTC,3,3,524575.932828
2023-02-28 06:00:00.000 UTC,1,1,1200.001274
2023-02-28 09:00:00.000 UTC,3,3,262958.47130800004
2023-02-28 10:00:00.000 UTC,2,2,776.131068
2023-02-28 11:00:00.000 UTC,1,1,6000
2023-02-28 12:00:00.000 UTC,3,3,211672.422882
2023-02-28 13:00:00.000 UTC,1,1,12511.25
2023-02-28 14:00:00.000 UTC,2,2,900045.6941440001
2023-02-28 15:00:00.000 UTC,5,5,703038.576553
2023-02-28 16:00:00.000 UTC,2,2,17435.3
2023-02-28 17:00:00.000 UTC,2,2,472006.749993
2023-02-28 18:00:00.000 UTC,3,3,2058242.9111940002
2023-02-28 20:00:00.000 UTC,3,3,12954211.293134
2023-02-28 21:00:00.000 UTC,5,4,6211299.114221999
2023-02-28 22:00:00.000 UTC,1,1,38994
2023-02-28 23:00:00.000 UTC,1,1,59317.424752
2023-03-01 00:00:00.000 UTC,1,1,1379435.65767
2023-03-01 01:00:00.000 UTC,1,1,2685078.729975
2023-03-01 02:00:00.000 UTC,1,1,45338507.266613
2023-03-01 03:00:00.000 UTC,1,1,12471483.971831
2023-03-01 04:00:00.000 UTC,6,6,2895478.412571
2023-03-01 05:00:00.000 UTC,1,1,69.593826
2023-03-01 06:00:00.000 UTC,3,3,43086.708902
2023-03-01 09:00:00.000 UTC,1,1,2500300.889835
2023-03-01 11:00:00.000 UTC,1,1,710
2023-03-01 12:00:00.000 UTC,2,2,80000
2023-03-01 13:00:00.000 UTC,2,2,82006.3
2023-03-01 14:00:00.000 UTC,3,3,188846.046432
2023-03-01 16:00:00.000 UTC,3,3,47955.501727999996
2023-03-01 17:00:00.000 UTC,3,3,45582.65479
2023-03-01 18:00:00.000 UTC,3,2,2016033.1094260002
2023-03-01 19:00:00.000 UTC,4,4,261012.295907
2023-03-01 20:00:00.000 UTC,4,2,754594.6221040001
2023-03-01 21:00:00.000 UTC,2,2,145250.601306
2023-03-01 22:00:00.000 UTC,2,1,20000
2023-03-01 23:00:00.000 UTC,1,1,3156.501862
2023-03-02 00:00:00.000 UTC,4,4,141200.584467
2023-03-02 03:00:00.000 UTC,1,1,10000
2023-03-02 04:00:00.000 UTC,2,2,212507.75
2023-03-02 06:00:00.000 UTC,2,2,570261.088154
2023-03-02 09:00:00.000 UTC,2,2,6095.312242
2023-03-02 13:00:00.000 UTC,3,3,15242563.869642999
2023-03-02 14:00:00.000 UTC,2,2,3671236.109719
2023-03-02 15:00:00.000 UTC,3,3,1059364.006311
2023-03-02 17:00:00.000 UTC,1,1,30387.108127
2023-03-02 18:00:00.000 UTC,2,2,17136.564043
2023-03-02 19:00:00.000 UTC,2,1,49001
2023-03-02 21:00:00.000 UTC,5,4,699355.565864
2023-03-02 22:00:00.000 UTC,3,3,7963414.153551
2023-03-02 23:00:00.000 UTC,2,2,1416707.006934
2023-03-03 00:00:00.000 UTC,2,2,45022.5
2023-03-03 01:00:00.000 UTC,7,4,8473141.337689001
2023-03-03 02:00:00.000 UTC,8,4,3411153.7453790004
2023-03-03 03:00:00.000 UTC,3,3,63169.340342
2023-03-03 04:00:00.000 UTC,1,1,39000
2023-03-03 05:00:00.000 UTC,1,1,60620.489611
2023-03-03 06:00:00.000 UTC,1,1,561734.180127
2023-03-03 08:00:00.000 UTC,3,3,3440851.872857
2023-03-03 09:00:00.000 UTC,2,2,23982.278263
2023-03-03 10:00:00.000 UTC,2,2,44500
2023-03-03 11:00:00.000 UTC,2,2,545000
2023-03-03 12:00:00.000 UTC,2,2,9864.110634
2023-03-03 14:00:00.000 UTC,1,1,2002.917243
2023-03-03 15:00:00.000 UTC,2,2,23494.161503
2023-03-03 16:00:00.000 UTC,1,1,200000
2023-03-03 18:00:00.000 UTC,1,1,2500784.571748
2023-03-03 19:00:00.000 UTC,1,1,86920.297729
2023-03-03 21:00:00.000 UTC,1,1,397960.2
2023-03-03 22:00:00.000 UTC,2,2,103460
2023-03-03 23:00:00.000 UTC,1,1,17015.3
2023-03-04 00:00:00.000 UTC,6,4,347531.489953
2023-03-04 02:00:00.000 UTC,11,11,1004049.5591979998
2023-03-04 06:00:00.000 UTC,1,1,1000
2023-03-04 07:00:00.000 UTC,1,1,26.734495
2023-03-04 08:00:00.000 UTC,2,1,1862170
2023-03-04 09:00:00.000 UTC,1,1,193.917654
2023-03-04 10:00:00.000 UTC,1,1,6799.32
2023-03-04 11:00:00.000 UTC,2,2,111677.692777
2023-03-04 12:00:00.000 UTC,1,1,15000
2023-03-04 14:00:00.000 UTC,1,1,423.531677
2023-03-04 15:00:00.000 UTC,2,2,563587.8632730001
2023-03-04 16:00:00.000 UTC,3,2,50974.738648000006
2023-03-04 17:00:00.000 UTC,2,2,2380191.390546
2023-03-04 18:00:00.000 UTC,1,1,59
2023-03-04 19:00:00.000 UTC,1,1,263723.856698
2023-03-04 20:00:00.000 UTC,3,2,2404234.767873
2023-03-04 21:00:00.000 UTC,1,1,1201062.932991
2023-03-05 00:00:00.000 UTC,2,2,12336.668327
2023-03-05 01:00:00.000 UTC,2,2,135979.060834
2023-03-05 02:00:00.000 UTC,1,1,2213913.269446
2023-03-05 03:00:00.000 UTC,2,2,160000
2023-03-05 04:00:00.000 UTC,2,2,17511.25
2023-03-05 05:00:00.000 UTC,1,1,56000
2023-03-05 06:00:00.000 UTC,2,2,2642051.1712809997
2023-03-05 07:00:00.000 UTC,3,3,4627788.843751
2023-03-05 08:00:00.000 UTC,3,2,135357.44232099998
2023-03-05 12:00:00.000 UTC,2,2,133763.32506200002
2023-03-05 13:00:00.000 UTC,2,2,2253637.477749
2023-03-05 15:00:00.000 UTC,3,3,225491.345749
2023-03-05 19:00:00.000 UTC,1,1,140000
2023-03-05 21:00:00.000 UTC,1,1,120000
2023-03-05 23:00:00.000 UTC,1,1,100000
2023-03-06 00:00:00.000 UTC,1,1,165917.87271
2023-03-06 02:00:00.000 UTC,2,2,202500
2023-03-06 03:00:00.000 UTC,1,1,11000
2023-03-06 04:00:00.000 UTC,1,1,789.382687
2023-03-06 06:00:00.000 UTC,1,1,174982.5
2023-03-06 07:00:00.000 UTC,4,4,8860.182579
2023-03-06 08:00:00.000 UTC,2,2,23501.15
2023-03-06 09:00:00.000 UTC,3,3,928.5604539999999
2023-03-06 11:00:00.000 UTC,2,2,2292.224697
2023-03-06 12:00:00.000 UTC,3,3,1235621.992834
2023-03-06 13:00:00.000 UTC,3,3,2690806.948434
2023-03-06 15:00:00.000 UTC,1,1,529460.345182
2023-03-06 17:00:00.000 UTC,3,3,281352.994649
2023-03-06 18:00:00.000 UTC,3,2,2582667.255264
2023-03-06 19:00:00.000 UTC,2,2,169457.721896
2023-03-06 20:00:00.000 UTC,1,1,991106.147215
2023-03-06 21:00:00.000 UTC,1,1,127.122517
2023-03-07 00:00:00.000 UTC,5,4,109819.363
2023-03-07 01:00:00.000 UTC,2,1,1450
2023-03-07 02:00:00.000 UTC,2,2,322758.295618
2023-03-07 03:00:00.000 UTC,2,2,37098.273855
2023-03-07 06:00:00.000 UTC,4,4,4903770.333004
2023-03-07 09:00:00.000 UTC,2,2,200637.61034299998
2023-03-07 11:00:00.000 UTC,4,3,9420.069864000001
2023-03-07 12:00:00.000 UTC,1,1,400.000284
2023-03-07 13:00:00.000 UTC,2,2,594444.885948
2023-03-07 14:00:00.000 UTC,1,1,50000
2023-03-07 15:00:00.000 UTC,1,1,3322308.509324
2023-03-07 18:00:00.000 UTC,2,2,1894387.570198
2023-03-07 19:00:00.000 UTC,1,1,1150000
2023-03-08 00:00:00.000 UTC,2,2,5760066.366615
2023-03-08 01:00:00.000 UTC,1,1,2000
2023-03-08 03:00:00.000 UTC,1,1,50000
2023-03-08 04:00:00.000 UTC,6,3,1029086.670296
2023-03-08 05:00:00.000 UTC,3,3,2967838.586784
2023-03-08 06:00:00.000 UTC,2,2,1550010
2023-03-08 07:00:00.000 UTC,1,1,23000
2023-03-08 09:00:00.000 UTC,5,5,1040571.4306210001
2023-03-08 10:00:00.000 UTC,2,2,79217.515665
2023-03-08 11:00:00.000 UTC,5,5,3805363.4768310003
2023-03-08 12:00:00.000 UTC,1,1,249783.591422
2023-03-08 13:00:00.000 UTC,3,2,2703980.842983
2023-03-08 14:00:00.000 UTC,2,2,58996.5
2023-03-08 15:00:00.000 UTC,1,1,529594.70535
2023-03-08 16:00:00.000 UTC,1,1,263811.976231
2023-03-08 17:00:00.000 UTC,1,1,458624.997664
2023-03-08 18:00:00.000 UTC,2,2,36064.126985999996
2023-03-08 19:00:00.000 UTC,1,1,65032.5
2023-03-08 20:00:00.000 UTC,3,1,395652.411404
2023-03-08 22:00:00.000 UTC,1,1,6256.918464
2023-03-08 23:00:00.000 UTC,6,5,1469265.8900160003
2023-03-09 00:00:00.000 UTC,2,1,200086.980124
2023-03-09 01:00:00.000 UTC,3,2,2936944.25513
2023-03-09 02:00:00.000 UTC,3,2,3054364.907178
2023-03-09 03:00:00.000 UTC,3,2,7496.547898
2023-03-09 04:00:00.000 UTC,2,2,259975
2023-03-09 05:00:00.000 UTC,2,2,52553.862495
2023-03-09 06:00:00.000 UTC,4,3,15102.890221999998
2023-03-09 07:00:00.000 UTC,3,3,5131817.820777
2023-03-09 08:00:00.000 UTC,2,2,2007686.476557
2023-03-09 09:00:00.000 UTC,2,2,204000
2023-03-09 10:00:00.000 UTC,1,1,17546.934887
2023-03-09 11:00:00.000 UTC,3,2,589243.464653
2023-03-09 12:00:00.000 UTC,4,4,263458.354363
2023-03-09 13:00:00.000 UTC,5,3,89899.997258
2023-03-09 15:00:00.000 UTC,3,3,12811827.921726
2023-03-09 18:00:00.000 UTC,3,2,1327922.8935150001
2023-03-09 19:00:00.000 UTC,5,4,3187317.409534
2023-03-09 20:00:00.000 UTC,13,5,2917259.159223
2023-03-09 21:00:00.000 UTC,7,6,380944.560036
2023-03-09 22:00:00.000 UTC,7,6,477376.191397
2023-03-09 23:00:00.000 UTC,7,5,6219493.6695220005
2023-03-10 00:00:00.000 UTC,5,2,257824.802837
2023-03-10 01:00:00.000 UTC,5,5,1392352.591424
2023-03-10 02:00:00.000 UTC,4,4,3621312.53027
2023-03-10 03:00:00.000 UTC,6,5,93276805.257853
2023-03-10 04:00:00.000 UTC,6,5,487076.35257299995
2023-03-10 05:00:00.000 UTC,3,3,100163.108391
2023-03-10 06:00:00.000 UTC,2,2,166372.889819
2023-03-10 07:00:00.000 UTC,7,5,24419079.796939004
2023-03-10 08:00:00.000 UTC,4,4,260423.327839
2023-03-10 09:00:00.000 UTC,4,3,643904.341491
2023-03-10 10:00:00.000 UTC,6,5,3391337.61411
2023-03-10 11:00:00.000 UTC,4,4,161754.504644
2023-03-10 12:00:00.000 UTC,11,8,3347145.94552
2023-03-10 13:00:00.000 UTC,6,4,5894744.9651190005
2023-03-10 14:00:00.000 UTC,4,3,3314878.9757930003
2023-03-10 15:00:00.000 UTC,3,2,353616.323111
2023-03-10 16:00:00.000 UTC,6,5,1480761.685534
2023-03-10 17:00:00.000 UTC,5,5,2573004.9206069997
2023-03-10 18:00:00.000 UTC,10,8,25248214.435383998
2023-03-10 19:00:00.000 UTC,24,13,14257136.43755
2023-03-10 20:00:00.000 UTC,22,20,15447513.139770001
2023-03-10 21:00:00.000 UTC,18,12,25639217.923573002
2023-03-10 22:00:00.000 UTC,22,14,10176099.341312
2023-03-10 23:00:00.000 UTC,30,19,19169384.555538002
2023-03-11 00:00:00.000 UTC,60,34,22556306.734382
2023-03-11 01:00:00.000 UTC,50,33,21603577.046211
2023-03-11 02:00:00.000 UTC,58,26,30134082.520314
2023-03-11 03:00:00.000 UTC,68,30,22165292.203656003
2023-03-11 04:00:00.000 UTC,47,23,99024613.272878
2023-03-11 05:00:00.000 UTC,34,22,92463513.40932499
2023-03-11 06:00:00.000 UTC,37,31,49023982.587596
2023-03-11 07:00:00.000 UTC,26,18,12990501.202223001
2023-03-11 08:00:00.000 UTC,44,23,47136531.801052
2023-03-11 09:00:00.000 UTC,31,17,10132751.648368001
2023-03-11 10:00:00.000 UTC,40,18,16368297.506031003
2023-03-11 11:00:00.000 UTC,36,17,31190207.70759101
2023-03-11 12:00:00.000 UTC,24,11,12810776.848572
2023-03-11 13:00:00.000 UTC,27,11,3502065.1447500004
2023-03-11 14:00:00.000 UTC,26,17,12314564.971039
2023-03-11 15:00:00.000 UTC,15,10,7645549.743563999
2023-03-11 16:00:00.000 UTC,12,8,9159621.824935
2023-03-11 17:00:00.000 UTC,12,3,664108.109217
2023-03-11 18:00:00.000 UTC,27,17,20778557.357499998
2023-03-11 19:00:00.000 UTC,16,10,9748217.329747
2023-03-11 20:00:00.000 UTC,42,14,40038645.384282
2023-03-11 21:00:00.000 UTC,32,12,18022616.034613
2023-03-11 22:00:00.000 UTC,20,10,1326128.239459
2023-03-11 23:00:00.000 UTC,19,10,20003255.543612998
2023-03-12 00:00:00.000 UTC,13,8,33748876.021758
2023-03-12 01:00:00.000 UTC,22,11,3451409.209391
2023-03-12 02:00:00.000 UTC,6,4,2255552.9281989997
2023-03-12 03:00:00.000 UTC,30,12,48105759.780954
2023-03-12 04:00:00.000 UTC,6,6,587698.255608
2023-03-12 05:00:00.000 UTC,9,4,242586.16703399998
2023-03-12 06:00:00.000 UTC,11,7,2227712.382271
2023-03-12 07:00:00.000 UTC,14,11,8097548.270866001
2023-03-12 08:00:00.000 UTC,11,7,251326.615706
2023-03-12 09:00:00.000 UTC,9,7,10860629.686259
2023-03-12 10:00:00.000 UTC,9,5,335833.86099899997
2023-03-12 11:00:00.000 UTC,5,3,132877.533519
2023-03-12 12:00:00.000 UTC,5,5,2095253.541219
2023-03-12 13:00:00.000 UTC,8,5,191412.031904
2023-03-12 14:00:00.000 UTC,6,5,5364837.8045109995
2023-03-12 15:00:00.000 UTC,14,7,13440013.225490998
2023-03-12 16:00:00.000 UTC,5,5,3090452.90778
2023-03-12 17:00:00.000 UTC,9,6,272282.943951
2023-03-12 18:00:00.000 UTC,16,6,735348.3672870001
2023-03-12 19:00:00.000 UTC,19,10,6117105.498809
2023-03-12 20:00:00.000 UTC,10,5,489498.856994
2023-03-12 21:00:00.000 UTC,15,9,1242992.5405030001
2023-03-12 22:00:00.000 UTC,41,15,18662813.618139
2023-03-12 23:00:00.000 UTC,43,23,41303504.169300996
2023-03-13 00:00:00.000 UTC,31,19,26828875.11721
2023-03-13 01:00:00.000 UTC,11,8,7881406.811097
2023-03-13 02:00:00.000 UTC,6,5,244258.48325599998
2023-03-13 03:00:00.000 UTC,5,3,763834.268772
2023-03-13 04:00:00.000 UTC,9,4,45032878.747904
2023-03-13 05:00:00.000 UTC,8,8,2661512.510999
2023-03-13 06:00:00.000 UTC,12,10,6238319.655542
2023-03-13 07:00:00.000 UTC,8,7,2983117.5970540005
2023-03-13 08:00:00.000 UTC,8,6,5539900.202676001
2023-03-13 09:00:00.000 UTC,13,9,44727831.364079
2023-03-13 10:00:00.000 UTC,6,6,558366.248987
2023-03-13 11:00:00.000 UTC,27,12,15230531.264758999
2023-03-13 12:00:00.000 UTC,15,9,2250546.352623
2023-03-13 13:00:00.000 UTC,16,10,9923886.766872
2023-03-13 14:00:00.000 UTC,19,10,7318436.434402001
2023-03-13 15:00:00.000 UTC,24,11,17026327.087839
2023-03-13 16:00:00.000 UTC,7,5,6457906.346666
2023-03-13 17:00:00.000 UTC,28,13,16558574.921573998
2023-03-13 18:00:00.000 UTC,10,8,9223518.966866
2023-03-13 19:00:00.000 UTC,8,6,2718106.9658890003
2023-03-13 20:00:00.000 UTC,10,6,10973392.809435003
2023-03-13 21:00:00.000 UTC,7,7,3677178.093746
2023-03-13 22:00:00.000 UTC,10,6,18454959.561198
2023-03-13 23:00:00.000 UTC,8,7,1931965.344505
2023-03-14 00:00:00.000 UTC,8,6,1293829.279581
2023-03-14 01:00:00.000 UTC,6,4,25588116.837544
2023-03-14 02:00:00.000 UTC,6,5,886453.095398
2023-03-14 03:00:00.000 UTC,9,7,246651.28753200002
2023-03-14 04:00:00.000 UTC,9,7,2337986.0845459998
2023-03-14 05:00:00.000 UTC,11,7,2287639.75793
2023-03-14 06:00:00.000 UTC,5,4,8156570.289121
2023-03-14 07:00:00.000 UTC,6,6,6532683.782984
2023-03-14 08:00:00.000 UTC,5,5,2704630.147551
2023-03-14 09:00:00.000 UTC,6,5,10073143.624168
2023-03-14 10:00:00.000 UTC,3,3,8106044.87877
2023-03-14 11:00:00.000 UTC,10,7,4785175.771521
2023-03-14 12:00:00.000 UTC,13,6,1395033.764443
2023-03-14 13:00:00.000 UTC,11,8,4972321.296259
2023-03-14 14:00:00.000 UTC,10,6,6006257.44344
2023-03-14 15:00:00.000 UTC,12,9,88174582.466112
2023-03-14 16:00:00.000 UTC,10,7,7224953.278619
2023-03-14 17:00:00.000 UTC,10,7,6852494.863364001
2023-03-14 18:00:00.000 UTC,8,7,13604747.708926
2023-03-14 19:00:00.000 UTC,5,5,9878638.957006
2023-03-14 20:00:00.000 UTC,13,2,1244379.30514
2023-03-14 21:00:00.000 UTC,14,4,131586.92958599998
2023-03-14 22:00:00.000 UTC,13,9,6314240.927392
2023-03-14 23:00:00.000 UTC,9,6,3480701.265058
2023-03-15 00:00:00.000 UTC,10,6,3382669.637251
2023-03-15 01:00:00.000 UTC,4,3,181257.315764
2023-03-15 02:00:00.000 UTC,5,5,26946412.828461993
2023-03-15 03:00:00.000 UTC,1,1,100000
2023-03-15 04:00:00.000 UTC,2,1,795000
2023-03-15 05:00:00.000 UTC,4,4,2174234.003441
2023-03-15 06:00:00.000 UTC,2,2,95000
2023-03-15 07:00:00.000 UTC,7,6,215164.543246
2023-03-15 08:00:00.000 UTC,1,1,106099.389
2023-03-15 10:00:00.000 UTC,6,6,10542371.208616002
2023-03-15 11:00:00.000 UTC,10,7,9527857.000030998
2023-03-15 12:00:00.000 UTC,4,4,11581607.006259002
2023-03-15 13:00:00.000 UTC,6,3,98000.00814399999
2023-03-15 14:00:00.000 UTC,10,7,1874062.600464
2023-03-15 15:00:00.000 UTC,11,10,16655152.688095
2023-03-15 16:00:00.000 UTC,7,6,38828948.303634
2023-03-15 17:00:00.000 UTC,20,10,11878467.654248998
2023-03-15 18:00:00.000 UTC,5,4,673422.14166
2023-03-15 19:00:00.000 UTC,5,3,131015.3
2023-03-15 20:00:00.000 UTC,15,5,804920.353758
2023-03-15 22:00:00.000 UTC,4,2,5119500
2023-03-15 23:00:00.000 UTC,3,2,10808763.962117
2023-03-16 00:00:00.000 UTC,5,4,274870.543812
2023-03-16 01:00:00.000 UTC,2,2,15204606.556292
2023-03-16 04:00:00.000 UTC,3,3,3461459.3
2023-03-16 05:00:00.000 UTC,2,2,850380.020349
2023-03-16 06:00:00.000 UTC,6,4,2344555.13015
2023-03-16 07:00:00.000 UTC,4,2,78977.441473
2023-03-16 08:00:00.000 UTC,1,1,120000
2023-03-16 09:00:00.000 UTC,1,1,903779.82
2023-03-16 11:00:00.000 UTC,3,3,763414.571759
2023-03-16 12:00:00.000 UTC,1,1,415207.5
2023-03-16 13:00:00.000 UTC,4,3,5516302.241869
2023-03-16 14:00:00.000 UTC,4,4,314346.460288
2023-03-16 15:00:00.000 UTC,5,5,65401366.875018
2023-03-16 16:00:00.000 UTC,5,5,1042529.7292000001
2023-03-16 17:00:00.000 UTC,10,6,23570589.87253
2023-03-16 18:00:00.000 UTC,5,3,1206211.651468
2023-03-16 19:00:00.000 UTC,4,3,115375.54758
2023-03-16 20:00:00.000 UTC,7,6,5542729.238061
2023-03-16 21:00:00.000 UTC,2,2,3236571.046306
2023-03-16 22:00:00.000 UTC,4,4,1778621.725759
2023-03-16 23:00:00.000 UTC,3,3,10210000
2023-03-17 00:00:00.000 UTC,3,3,455938.285594
2023-03-17 01:00:00.000 UTC,4,3,82012.5
2023-03-17 02:00:00.000 UTC,11,5,3205179.0561180003
2023-03-17 03:00:00.000 UTC,4,2,114000
2023-03-17 04:00:00.000 UTC,2,2,1037331.9386400001
2023-03-17 06:00:00.000 UTC,6,4,700736.84314
2023-03-17 07:00:00.000 UTC,1,1,259010.730431
2023-03-17 08:00:00.000 UTC,2,2,544263.7008219999
2023-03-17 09:00:00.000 UTC,2,2,37059.375024
2023-03-17 10:00:00.000 UTC,4,3,1151661.126523
2023-03-17 11:00:00.000 UTC,7,4,217251.783705
2023-03-17 12:00:00.000 UTC,8,4,11799468.370653002
2023-03-17 13:00:00.000 UTC,9,5,1126776.75174
2023-03-17 14:00:00.000 UTC,4,4,761176.641999
2023-03-17 15:00:00.000 UTC,9,5,5196747.304383
2023-03-17 16:00:00.000 UTC,4,4,4931288.282993
2023-03-17 17:00:00.000 UTC,3,3,280001.260856
2023-03-17 18:00:00.000 UTC,4,4,14650182.226917
2023-03-17 19:00:00.000 UTC,6,6,2205927.375984
2023-03-17 20:00:00.000 UTC,2,1,79000
2023-03-17 21:00:00.000 UTC,9,5,4179286.3583500003
2023-03-17 22:00:00.000 UTC,4,2,4030000
2023-03-17 23:00:00.000 UTC,5,4,2668894.885402
2023-03-18 00:00:00.000 UTC,4,4,59746.665618
2023-03-18 01:00:00.000 UTC,7,6,1527171.769599
2023-03-18 02:00:00.000 UTC,3,3,1204552.6788850003
2023-03-18 03:00:00.000 UTC,8,4,1780441.33371
2023-03-18 04:00:00.000 UTC,3,2,5448134.413935999
2023-03-18 05:00:00.000 UTC,3,1,28889.212457
2023-03-18 06:00:00.000 UTC,2,2,520124.767496
2023-03-18 07:00:00.000 UTC,2,2,7670.660597
2023-03-18 08:00:00.000 UTC,2,2,3261075.80338
2023-03-18 09:00:00.000 UTC,2,2,5052.154283
2023-03-18 10:00:00.000 UTC,2,2,22200.643884
2023-03-18 11:00:00.000 UTC,1,1,2999.7
2023-03-18 12:00:00.000 UTC,5,5,565841.408035
2023-03-18 13:00:00.000 UTC,2,2,65000002.061684
2023-03-18 14:00:00.000 UTC,3,3,568431.537245
2023-03-18 15:00:00.000 UTC,2,2,82983.712396
2023-03-18 16:00:00.000 UTC,2,2,184383.863108
2023-03-18 17:00:00.000 UTC,6,3,33877.338276
2023-03-18 18:00:00.000 UTC,10,10,29377985.031934
2023-03-18 19:00:00.000 UTC,5,4,12428914.330125
2023-03-18 20:00:00.000 UTC,2,2,40232.220539999995
2023-03-18 22:00:00.000 UTC,1,1,86552.656195
2023-03-18 23:00:00.000 UTC,4,2,387595.637583
2023-03-19 00:00:00.000 UTC,7,3,675631.41
2023-03-19 01:00:00.000 UTC,2,2,18649.129673
2023-03-19 02:00:00.000 UTC,1,1,1004.317609
2023-03-19 03:00:00.000 UTC,2,2,450137.42903400003
2023-03-19 04:00:00.000 UTC,4,4,301607.891413
2023-03-19 05:00:00.000 UTC,1,1,1011.182401
2023-03-19 06:00:00.000 UTC,2,2,111995.719692
2023-03-19 07:00:00.000 UTC,1,1,500470.81413
2023-03-19 08:00:00.000 UTC,1,1,601.510918
2023-03-19 09:00:00.000 UTC,1,1,202
2023-03-19 10:00:00.000 UTC,1,1,11998.8
2023-03-19 11:00:00.000 UTC,2,2,4815.628559
2023-03-19 12:00:00.000 UTC,1,1,36872.734793
2023-03-19 13:00:00.000 UTC,1,1,15000
2023-03-19 14:00:00.000 UTC,2,2,15005.738807
2023-03-19 15:00:00.000 UTC,2,2,6149.38939
2023-03-19 16:00:00.000 UTC,2,2,498547.557687
2023-03-19 17:00:00.000 UTC,1,1,905281.851052
2023-03-19 18:00:00.000 UTC,2,2,164008.236232
2023-03-19 19:00:00.000 UTC,12,4,713003.89017
2023-03-19 20:00:00.000 UTC,1,1,7245.022536
2023-03-19 21:00:00.000 UTC,7,4,188222.422758
2023-03-19 22:00:00.000 UTC,7,6,214795.860151
2023-03-19 23:00:00.000 UTC,1,1,3010.620749
