owner,ran_p1,ran_p2,ran_p3
0x2a9152d882ba3fc4265d47447a7a00970f90a25e,0,1,0
0xf212ce21a97dbe30999a4c2b309d278bccbb686a,1,1,0
0xb394e0a990a577f277ddb65547b6399898d78051,1,0,0
0x54488187c2d5c77685ae65feda4c8267c8346d63,0,0,0
0x350b08b50d29cf59ddee8f4efa2487c3ce9d54fc,0,0,0
0xf89a3799b90593317e0a1eb74164fbc1755a297a,0,0,0
0xc8a553f279c36265e7f1224cc7d17abf28f0d745,0,0,0
0xe778f8b38d50a9aaa115d03b620f9814b5feb637,0,1,0
0x7564742b1f1938ccb7f1daed481076b2089d3db6,0,0,1
0xc8bf596306891b254225b0f9c7fbb8c4315970ec,1,0,0
0xc79c30ef1941002c54293a028cf252dfb0ddd2aa,0,0,1
0x8eb596f1dca53b2b92a994f96ef067e0af5e0756,1,0,0
0x87877eb7f4c4b7601a1aae5120bfc4fcca60d939,0,0,0
0xb9d53cc752d3d1888fe8e340a65027c1a2d86f94,1,0,0
0x4af79ffcabb09083af6ccc3b2c20fe989519f6d7,1,0,0
0x82fc7b3ca28963fcdefc1debdc3080fd6cf88123,0,1,0
0xa2c9aa6d3312d0e50e9f5181f14c3e7b29fb5dd4,0,0,0
0x4e98844f6d2ab59eb9f4faa09aceae24e12a08a1,0,0,0
0xbacf84c79c3be392c7573943be54946064cbdb94,0,0,1
0x62cb56ddfd68a9dbf5a69bd2bd650c9c25fc5567,0,0,0
0x80aca0c645fedabaa20fd2bf0daf57885a309fe6,1,1,1
0xd093fa4fb80d09bb30817fdcd442d4d02ed3e5de,0,1,0
0xad28a9a08e2d6ab1d78df64f6e824af470bcc147,0,1,0
0x81ca69eca5c063bdf4326ee7bbbad9e507313ee9,0,1,0
0x6bd8abcd47bb30c09d1804a83ea29892df36b514,0,0,0
0x50e7e98368731dfb6154ea819d8c5122f5a880c8,1,1,1
0x8281de5d17bf1e79dd5bc33891ee79ae4b442055,1,0,0
0xe421d478bf4d6140bc95d13b175c2a4f4dac7ae8,0,1,0
0x1f130db404cf640848a83b5d5022fbbb7501a5ab,0,0,1
0xff99e81d1a22da0a2fd10aca4990f19d5812436b,1,0,0
0x7ca2491e5aec98fa36d917ffa57f599c530564b8,1,0,0
0x2fbeb88bf72d584c2f13b10dea90d9ba4a908734,1,0,0
0xdc93d15daf868f08e18d0646c62667410f1f212a,0,0,1
0xaf8583006743da1ba9b391841cc766767f7a2a84,1,1,1
0x2a5625da499aafa09160bd15ef7259d6d25d477d,0,1,0
0x8bbae6de836155f1ff5b6bc5026bcf0d6927e5b1,1,0,0
0x00d3f8284fd1a73bbfeac35a5a2883421da6298d,0,0,0
0x8e4cfe406de11df75c045b70ab859efb8284ea2f,0,0,0
0x5936c1ad1d23bc1adb275d6821b3d8fa3f2f6447,1,0,0
0xa9903bda477b9a57bd795adff9922cb98db65f04,0,1,1
0x417aff82d2cd9fd39fe790af5798ae865fbe8c48,1,0,0
0xbf657d7b68521bad24a1946d522bf6eb3e39b971,1,0,0
0x82b7db2bf0ae6db3c10439a32c9b618429b7e23e,0,0,0
0x349a01774f22f51ffd46270b48f1fdc85ac9131f,0,0,1
0xfd069863e3613193ce443f5e0243ad7deefd930d,0,0,0
0xab7afccc70c9fe594849d7a2c3282af71e5e0ac5,1,0,0
0x354ddedf22ee52762e6f67bc3584d9a3a9f56b43,0,0,1
0xe86e0249e7a6c93b3929eaa3034940ccd43de1c2,1,1,1
0xdcd0f3a9e286f15ec534bf85d82fca936265bf1f,0,1,0
0x3dc1574eb015909a8261ae0c23f1099838630229,0,1,0
0x2ceb5d4d3c325485d4d977c929504954ee92f194,0,0,0
0x94e96e1b9b8c7ecf8ddb37a379e6bbeffa057c93,0,1,0
0xbd593ddb6c1adf94d255db7baba6120ea4b0e8f2,0,0,1
0x9499506fcb2b2eab5ac62ac82e2284501e472b60,1,0,0
0xc37704a457b1ee87eb657cae584a34961e86acac,1,1,1
0x37b4e7864f8aeb5622133ff3ee131baa54693aca,0,0,0
0x503d3b928bbb72f89b5672220085cf1282c169b3,0,0,0
0x60ee8465dc43245c6c2989b1089e476d3a0a717d,1,1,0
0x185a3e31cdbbcb0e1ef0806b57e6a4e0d00fa132,0,0,1
0x594f7ea831b715f8da52bab5425373dd681362a7,0,1,0
0x554c5af96e9e3c05aec01ce18221d0dd25975ab4,0,0,0
0xcd931775f36bf0ceddc20ae8e256838890e49212,0,0,0
0x4a391f9b318741d21b58d06245a47e987938576a,0,0,0
0x0f97258b5b506b210ba05f4c1f3c3cf84cc44496,0,0,0
0xf5a9feff0c4e48f6cb276c70ae98fc349f985315,0,0,1
0x3ff6228d304af00182018a55cb566f22381fcb66,0,0,0
0x8b8308e2a7b99e1c2cfe08f9a105f1def360c8b7,0,0,1
0x51b384872428fb424d8e193ee8733e960a9256e0,0,1,0
0x306afb39b284c8a7ddb8e63553f16f3670555024,0,1,0
0xe3c60ec4a39fdd6311ee4a6439833feb95904c2c,1,0,0
0x048bf2f5908e95976cead0e47d805b3803e286e2,1,0,0
0xb3aba44b58f3a1e82b91d7264492ea8e778c3ba6,1,0,0
0xd4f5c443426ecd7d499ee7422f3cb82f79a52f57,1,0,1
0xa0894a415c4f246ce95bae718849579c099cc1d2,0,0,0
0xd35397accb6f43c99c8b0936b42fa34470316efc,0,1,0
0x461462fc0a8c05ffb5b5fe2e82b3a3ab292db23a,0,0,0
0x551b30bc933e26e098bd2e68d436c24ed39b7312,0,0,0
0xa4ca1b15fe81f57cb2d3f686c7b13309906cd37b,0,0,0
0x169e3906d7934488636ba5131421572f59bc399d,0,0,0
0x8528effbe7cdcfc9b6f9bc915c67007a09df42d0,0,1,0
0x537037c5ae805b9d4cecab5ee07f12a8e59a15b2,0,1,0
0x41e8ea179627b8a57639c212e566cae4bf6fc37e,0,1,0
0xfe2f0039604855dd590e482b59efbb2bbc1061c5,0,0,0
0xdef171fe48cf0115b1d80b88dc8eab59176fee57,1,1,0
0x605e2518f10be4d432dc0a210a50f661b693a9bd,0,1,1
0x2f0d21d91ed0367a8a1b40fe9176da3175b4a4e7,1,0,0
0x324597ba077df37fd4761e0db96e8d6f85300b85,0,0,0
0xd79fe5ca182b112e62d1466068b572493b88cb24,0,1,0
0xe9da46a5b9b503483fe9c3434b6bf5acdbf1b313,0,1,0
0x516e5b72c3fd2d2e59835c82005ba6a2bc5788a4,0,1,0
0xaa58d64f9ca0d6436f903a4d590ad8e5982c8030,0,0,0
0x236f233dbf78341d25fb0f1bd14cb2ba4b8a777c,0,0,0
0xf0cfd621c8aaa309b4dc3f2ef6e1fbe32a7fd30e,0,0,1
0xaf0fdd39e5d92499b0ed9f68693da99c0ec1e92e,1,1,0
0xe14cedba68be35861dde3a599fba6a341b1a15af,0,0,1
0x29e3fcb9f4aad6225f359de66f3e81e643ac1dcb,1,0,0
0x12e24898f89736427a746f6315c0ec916b7402c5,0,0,1
0xddc65fac7201922395045ffdffe28d3cf6012e22,0,0,1
0x13a477fd91ca18a8d366440a5726227e0bbff4b8,0,0,0
0xc40c2bd00b1a773052c1f4b8598aef24d9d3af94,1,0,0
0xd78c609e8e232f346fe06caab29662fa469960e8,1,0,0
0x829206daae68443161d917d5fbc8856d1b7252a5,1,0,0
0x3f37f1d07ebba3ebb40e796eb6955503912409d3,1,0,0
0x5bb7a99b508ad87566f3ba2d96602adefdaad534,0,0,0
0x9ea11561bea5bb64abde6a833601296170f2828c,1,0,0
0x3a2da971984d61759a8a8518e85b9f7feb5d013b,0,0,1
0x329c54289ff5d6b7b7dae13592c6b1eda1543ed4,0,1,1
0x8e140b709ad3a3213a9061926d46a67b844e5936,0,0,0
0x906b89c8b896ac490879dc1b1d4d62ff0f7cecf6,0,0,1
0x5c6b1e486611428e8e751025b788b1cc15c6686e,0,1,1
0x36af12ced40dca95f1649e59fb3a22505ad94b67,0,1,0
0x0ce7a2723f85d55d60fdf68ab3749ee85eae1001,1,0,0
0x413c89b5b16c4e3b6182efd24c484a689e6f65c3,0,1,0
0x1f2c160d7031bb0aa2c03e73cf6f90ba1a0ea142,1,0,0
0xbfb3c2cf90b17cabf40e73384e1fea5d64d83644,1,0,0
0x4334703b0b74e2045926f82f4158a103fce1df4f,0,0,1
0x3cb06e95719497cca509f55e3c09e53c8f43fd3f,0,1,0
0x3df190e424881205b81c06c5fce65f9eacfde957,0,1,0
0xfbe87d602f7d7dd511349be4acf58842392124a0,0,1,1
0x017b3763b8a034f8655d46345e3eb42555e39064,0,0,0
0x01b2e49f1f3fbf81db90fc9718672900c12dd249,0,0,0
0x603e7655b7bd063e9a413fcdfe2c5bbcd18606a3,0,0,0
0x24c5207c3dbac05629b816ce1f7db17d00b29c15,0,1,1
0x49048a4c8bd6d8035ca36caf4ab07ae14b5d9abf,0,0,0
0xaa0ca0d8c613264805850f31959e5c2be116d912,0,0,0
0x1e121993b4a8bc79d18a4c409db84c100fff25f5,0,1,0
0x9aa3f40129ff44bc64998b2fcf157aae3362870e,1,0,0
0x596a64198a8cce9c8a2f0d1076f0e3d84ff733c6,0,1,0
0x9c3c6cf9d29ab9e9e14503dbfc9ad8bb2a0e37ef,1,0,0
0x04dec43d3a1ab12c56cd2858a8abf53737882e92,1,0,0
0xa47dcc127bd2487b01477d8e381dced5de5e5033,1,0,0
0x0bb1b054a66bad88380e4452381a1b254a292e01,0,0,0
0xf591d878608e2e5c7d4f1e499330f4ab9bbae37a,0,0,1
0x19cb448123e74b07a1c04533165915dcd782d4ca,1,0,0
0x79176131ee0bfb211789679cc9c7c9f4fc6efef0,0,1,0
0xcb1b408c35b5d44614e88dc7862cc0fd792afe96,0,1,0
0x86a41488c83fde0d4b0ae9a6462d7851c30410a1,0,0,1
0x08820ebad58ff10afba20a9cb86590a7d96f2b3c,1,0,0
0xae9cba8c28f01216cf3484fceedb9056f38b0e97,1,0,0
0xce4a3cf42687c08308641969b4ecd60293ed03ff,0,1,0
0x20591fa56bbfd562da1013e156b12ee6c8ddc2fc,0,1,0
0x724c9851b359e3fd6bca39996db0924fb942a306,0,1,0
0xe8d9945a620c58da13fe7d8c156ccf90b0e39c9b,0,1,0
0x9957d6f3d37382c59db20e3cabe3e4540b52bba2,1,0,0
0x1c5c4406ec018b26c62606b339cafdba106e2586,0,0,1
0xb38526d039db76f9826debcdce2a1dcb90ef8a97,0,0,0
0x29770812d00e6c24de42d7f51274a05e6a3c04f0,0,0,1
0x02bb6041d8620b3547d3c3604e159b4b8968ef84,0,0,0
0x8d17c1b895e9c85068fff7f9fa6d35cc3dd594c2,0,0,0
0x7122db0ebe4eb9b434a9f2ffe6760bc03bfbd0e0,1,1,1
0xe38383f28a5770bf8b304539248adda8d5f38248,1,0,0
0xca4b9039f50473d13e1754c192831eed41409a48,0,0,0
0x1cd14801537a3d1550b7e30a9ed59bf68d8cbc84,0,0,1
0xf748879edbe8cca140940788163d7be4d2a2e46a,0,0,1
0xab7e29b882ba62e0a727d5e17308d2d7c67733d1,1,0,0
0x70e790c39eb82e58d676714bee75727a03773939,1,0,0
0x70fd8c598b1b34a5ddb6c7631bef8a8c94901ec7,0,1,0
0x66b870ddf78c975af5cd8edc6de25eca81791de1,1,1,0
0x9dff05e7b72aa752021b284edd4d90b175a65664,0,0,1
0x47ad454b0fd0ef9654b3f68dad463f1dc541e6e5,0,0,1
0xc84a9432572d1ed339091979c7cd3cafdbb86826,0,1,0
0x442eead2edb0ef4b75833fad04b49601e47819c8,0,1,0
0xd2c32f54a26285decf30e6d208f722e7d5fd3f58,0,0,0
0x4513f9515129dc8c153257126b89a4968c671b6c,0,0,0
0x69114327baa4b07987f468b7eea730192a484082,0,1,0
0x7f2e50105d3eea2247abfe45927a698b0f6a3e38,0,1,0
0x028ccbca42a1a34515703e61c70c42b7aa4eab6c,0,0,0
0x78501dbe607a4d4f9a309e5450d1c88df499a415,0,1,0
0xf38746dc80af641247f4ca11ece611696806d438,0,1,0
0x7044c2cc5e5bbc0485db999ff834556527685985,1,0,0
0x11dbf181dd5c075c2abd92cb9579c4809406b5be,1,1,0
0x58294302c4097deb040fc9dd0020042ee546d0c5,1,1,1
0x98657c61eaf1bbf56ec870d7e3c1ae5f41f1b8c8,0,0,0
0xfcef201852e477b10846aa3f5b06a2c974e54fc8,0,0,0
0x1851060259af808880a4541cb3a465701ae0a1aa,0,1,0
0x119454fcd0c84b3e44cec59a718848c70987935f,1,0,0
0xf32e30f0dc4179098e0ae5194513638918a26191,0,0,0
0x87c24ef7b70c9457d92a2d926d69603c24c03a50,0,1,0
0x1eab3b222a5b57474e0c237e7e1c4312c1066855,0,1,0
0xb16b7454c71c04daff93614ab4f98e2ee75613d4,0,1,1
0x2c6ed140617d76dfc5bb7ab52be0594d6bc682e3,0,0,0
0xa4007e5deed110fac652323e607c5b8f7f88e5f6,0,1,0
0x6ed68cb6043a455b84d2dd52db1c1ea6d7204494,0,0,0
0x251a585e54722ccbdf7824da8e28b0ee1f8e7616,1,0,0
0xe0463796cd79d68761203fe8bd9d1a196f52c1d1,1,0,0
0xabbd5b2b0b034781e58434736728b9d0673de7f1,1,0,0
0xf731f4c74eae61dfa88e0b6a13f9d2624bf2b16f,1,0,0
0x71e343797a751555d9542a619a5d50fb757b9e6e,1,1,1
0x078ab8dcf3578cbccc2e1417e9ab3ac156922647,0,0,0
0xeb1fd48e0bec6b204a085ccd87b8ede81d105d81,0,1,0
0xfdb54efa4020c5f4524fe25e2949800f4342c26c,0,0,0
0xb6020901228d73a0a232166a33a1fa2e103960da,0,1,0
0x289c23cd7cacafd4bfee6344ef376fa14f1bf42d,1,0,0
0x317fddcabd7dc9d7a78a3a88f3a7ed7729c42821,1,0,0
0x91201692e5a5964fd011e9bd6a7e787e7be606e8,1,0,0
0xb90973421e3b6bb342838989c86278d4601d42f3,0,1,1
0xece5efd1d6306baf588e6c35dd20751d62394a50,1,0,0
0x700fc0a7d23a410d0600be10df8663da70131272,0,1,0
0x5e37939becca1818378c52835ad1ebb1ddc4b344,0,0,1
0x3155c5a49aa31ee99ea7fbcb1258192652a8001c,1,0,0
0x6ad063aacbe19dcb8ad87ead54b9839743b451ea,1,0,0
0x3073ac44aa1b95f2fe71bb2eb36b9ce27892f8ee,1,0,0
0x0a4ea2fdfad07d035fa20cf13b7e8813ac5dca22,0,1,0
0x752713891ba14a4d5ff3d6c1256154512601ec05,0,1,0
0xca2e8d0adc0f3c3d35e2e464ede4ff2770158285,1,0,0
0xd7925984736824b4aecf8301c9aee211cd976494,0,0,1
0x6ad3ae30eef1f4007471ec4736f9bc52bb3b30e7,0,0,0
0x32e8d4c9d1b711bc958d0ce8d14b41f77bb03a64,0,0,1
0x06b23dc3fb948fd800dcad8a800b60fd0e5401bc,0,1,0
0x7ea2eadc95cfbd08fe8f641ad07bcc540f6ff3dc,0,1,0
0xbc6ce2d4a3179315b47d47dbb15f89bc5c3032b1,0,0,1
0x5e3cab8074c647c8f51cb3491fe64c00b2fd8355,1,0,0
0x9026a229b535ecf0162dfe48fdeb3c75f7b2a7ae,0,1,0
0x0a53e28f2f7b27971e18a6305c2c74a449badd2e,0,1,0
0x3a4b5efbe6db1d3f364168299bea3c38b5c340c0,0,1,0
0x7edcf7487b8837f77a87fb7d91edec539a1d47ef,0,0,0
0x7ecf0bf3d94dce4838d57b63dc96d6ddc2cc63e7,1,0,0
0x22f9dcf4647084d6c31b2765f6910cd85c178c18,1,1,0
0x1bfde32631a807ef7570906cf41665d72bf20164,0,1,0
0x8b7308faf4b79f96b2689fab9570c80f375f6fbc,0,1,0
0xc56953d1df51887d03021fc3b14b636ef0275947,0,1,0
0x9441deb6e03540cf3be3cfffe227ce4fa6827a4b,1,0,1
0xb9a5cf416f57d35136c542a20acb01854a51ef2e,0,0,1
0xa976ea51b9ba3232706af125a92e32788dc08ddc,0,0,1
0x33d84d2a77d850b13053a1496d25cc58b145aa13,1,0,0
0xbff39f34c005bb0cd6d24174c9faee21c3ea2927,0,0,0
0xab6eaa7f32a98682e2502b3500ad8d58a90e091b,0,1,0
0x8f2ac88bd3080b470648d2205142c37fa16dfe58,0,1,0
0x634ec66a3794ee24d30490a722c5681bdbac3efe,0,0,1
0xfe219ee03396e4cb5a75335b7dccc028f9264eb9,0,0,0
0x3fee4c40802249ea66a8ff6271a5098b2e1ecb2c,0,0,0
0x7c132bde28ad1e0101d45121757d7c6c2e8a550a,1,1,0
0xeaa7723633cf598e872d611f5ec50a45b65cbc72,0,0,1
0xbe67bb1aa7bacfc5d40d963d47e11e3d382a56bd,1,0,0
0x7397a4dd90267588da3092d64dfaaefd81b12622,0,0,1
0xccec342967170b4f3cda502e6c12c059fb86f6f0,0,0,0
0x12220a63a2013133d54558c9d03c35288eac9b34,0,1,0
0xacdba7e1ce57675954a2a70aa07ab9d880da38a9,0,1,0
0x71690f581e8f17096e2366cb50a38e43809ebe89,0,1,0
0xd275e5cb559d6dc236a5f8002a5f0b4c8e610701,0,1,1
0x2877733af2015e161f300c08f72a6f7d529e61c9,0,1,0
0x048fe41b588e8b70887f294811857c892196bff0,1,0,0
0xcefcca169357a18eb8c3f230f92b58562e48cae5,1,0,1
0xc94680947cf2114ec8ee43725898eaa7269a98c5,0,0,0
0xd866ddb9c64d9a01d3aad76e953f9649436fe977,1,0,0
0x602f2cff76a60efb311c63787cbf82a83dbca38f,0,1,0
0x42f9d5a35ae9aba2300cba864f2dd8311bc7a429,1,0,0
0x9c618577a81b349321427926e20be15b41d78126,0,0,0
0xc40ca9847255a1b89ac50ee08555ec150a1e23a1,0,1,0
0x2068d14ee50772dd6e89c6f64f32adad0cc936ef,0,0,0
0xac5dbb0297e45f39bca313e2e44a8e3f26508e1f,1,0,0
0x16f384f74aa5c88a73b714bbd169b53569a1b2bd,0,1,0
0x64f80d81f4ae9858a9e92dce8d19ee1686cc8e04,1,0,0
0x8e36e88f4da2b8d3e8a951b2b4bc094afae7016e,1,0,0
0x007a4b3aead12ae987a40d6fcd4be44fbe2281b2,0,1,0
0xb9e6614063cc22faa6785ea299608c4248868851,0,0,0
0xd17ff262c17bedbe685324db28b21b24dda8052b,0,1,0
0x5ae36d7acd459302876b2d1c312d5c2b0507b794,0,0,0
0x0b3f6d4a5d6835137ccb2c1248f5a7d882c0dbda,1,1,0
0xbde61412ca9f899239671118fd1ec99e70195de7,1,0,0
0xcfa1ba3d4e67fe3cfa10f83ef8f18a92c8ce1a2f,1,0,0
0xe5350e927b904fdb4d2af55c566e269bb3df1941,0,1,0
0xe0f12cccb24acc50afb859d43d3d9fbb58b80f48,0,0,0
0x192f84b53538af908312380f8547260adb310d6e,0,0,1
0x9be49fb0c8b86c5cd35b79a9f04cf537ba9f1710,0,0,0
0x5a4ac9df62415f073e984db58dfe21e14eb8903f,0,1,0
0x7a82d89ba1fbe691ade48bd2ab893adfe635fb73,0,0,0
0x7817c4100e8e51c147c7b7eac1259abbdf47e7f0,1,0,0
0x01bc016d39e72f9e247bfffd204a23621cea2bf0,0,1,0
0xdebf20617708857ebe4f679508e7b7863a8a8eee,0,1,1
0xc6099e6ddac286274bc7e9c2ca2534a5334136ba,0,0,0
0xd60e676a3ff28a63d3a49651a214df22891de21d,0,0,0
0xb13def621fdfb5c79c71ec8f55dc5d6075e68229,0,0,0
0xd31fde46afce438662cac68765dfd5a19dbc168c,0,1,0
0x00c23f61dc85c9495e4fb11c528beeaf920254cd,1,0,0
0xc653bf03541062bbee5e4c7eaecc20c80357157c,1,0,0
0x97e6e0a40a3d02f12d1cec30ebfbae04e37c119e,1,1,1
0x61f72fe1e4ff809a2eca0b191c608599a192e1a1,0,1,1
0x981cec30963d5797869f92e1e74e9b058a7d27a2,0,1,0
0xec53d52f89ac4d2ec33dac830c758d1dd2564c7f,1,0,0
0x8f2722310b56d2cfd86a54447b5c18f3be73c4bc,0,0,1
0xbd9d21e9bcb9edcaebb9bb146c6e6415723f7b03,0,1,1
0xd47aec165d7469e266f650a049c973ec95c706f6,0,0,0
0x5ef0f3c15b2371e7355f5b6594f706ab7417655e,0,0,0
0x5878fc144c6f77d7cd4744b12bccd7f4f500af18,1,0,0
0xd0643c1a11887b5ac4ef603d2e3fa6cf463b899e,1,0,0
0xa02f419cfa73669acb54c7f18ec506ddfe53e1b2,1,1,0
0xe93f1d0392aa416046a650946935123c79d14e76,0,0,0
0xbdb2826e9b143d739df5c1e92732dd6c9faeb2b2,0,1,0
0x0cd93ed428f4c91c8d58b6e94e716b030e2ceb0c,1,0,0
0x135896de8421be2ec868e0b811006171d9df802a,1,1,1
0xc6667fbc8bc22a23bf9c7b30e8506df44b08a6ab,0,1,0
0xe9bee61a0164d79c2d94344575add5408ff7d94e,0,0,1
0x5c6fee9d51c219b4bb9c4bdc4d5f345c2eed8272,0,0,0
0x76460ec06cdee63bceb76032307485a7804165e7,0,0,0
0x382ed27251923a122ced2bb253f8ac6849f7f230,0,0,0
0xac187865df7d2fcb87ebbee6f72b7a77f3c75756,1,0,0
0x78376289d3d525739a915f7d00373bc7b3abea2d,0,0,0
0xb9b195b8ae4eab15c53989b9e78fbfe5d3060b19,0,0,0
0x05c262d49ce01ee280e05628614750efe19ef2ba,0,1,0
0xa13b9db1587db796829eefa7718b98a5bed7ab35,0,0,1
0x2e2b3c8a61c96f0ea7d6823f5a4e8285522e737f,0,1,0
0x0d88776dd9a654cfe9c67b5b1d9ce2fddd815a34,0,0,0
0x47b0d34bc548d5eaae8676086a71f42c1dfbba7c,0,0,0
0x30485556753a449321d950cf8a4e7b6c1d3ce0aa,0,1,0
0x4c315af217543b01a184f8c831497d76088e319d,0,0,0
0xbba1e273ac616566cd65e31ea9fe9ef87a9e2210,0,1,0
0xf97752a24d83478aca43b04ef7b28789e1d7eeda,1,0,0
0xb41f6d0832f70282229916e788676a9cd92d9192,1,0,0
0x73e46912432080b3b690a1f856379c3d6fa6234d,0,0,0
0x5948de29bf989a1b5a7587c5f64624655c86a542,0,0,1
0x4eb7a2703d9791f70815e99b6e15d8ced5d90ca4,0,0,1
0x9681319f4e60dd165ca2432f30d91bb4dcfdfaa2,0,0,1
0x69eb06a71dfcb68c0f59a7c08e9b6483e0b7dc4f,0,0,1
0x1bb72531ef6ef9bc2e814417090aea519cf9d132,1,0,0
0xdfdbd1885a8610930b8c37c3084fe0cad7c14d4f,0,1,0
0x800ecfce7b082eac7c03f1fbd92f2bb00ba8fa54,0,1,0
0xdc16c1cea9bc13c38502f49eeb9cfa6fb118d7db,0,0,0
0x4cc43c6cd192ec1666d0ec64f93e9bbae9e55eb8,0,0,1
0xeb63ee9c8be4c1d14c6d352fad5ca8f933be7af8,0,0,1
0x90742961fb53d3603ddc602b86aa73145a9b2c7b,0,1,0
0x8594d7a13bd4da9bc6bab2a2383fefbe039499ee,0,0,1
0xe4377620697be18e6d6aa911ca488571eeb3f081,0,0,0
0x97f141e3ba9b06a656e30c2cd34b18e5c3c940d7,0,1,0
0x9ca173d2e4b4246b8cc9d7ee331678e638c386b4,0,0,0
0xc58c4a0f3ed94f4c99b17cb75b7f54767bff254e,0,0,1
0x6210374ae19557317afce0c15196f2f9ab7fe7bb,0,0,1
0x82287cdda3d1b5d26d49ce03280d07b86d54fe54,0,0,1
0xd007058e9b58e74c33c6bf6fbcd38baab813cbb6,1,0,0
0xfcc5c883aeb32fc31debdb8218bb457ba9741a48,0,0,1
0xca1b2539fcf68a3d913a65d762d379c3e06e7187,0,1,0
0xd56c94f6a8baeed43b369dc94af53449adc9f8c1,0,0,0
0xdc5a537401184a63bc299f380eb5b255f839afb5,0,0,0
0x85db67812169378666547e03b293785d7d9a6b06,0,0,0
0x0309301ed25e5cbcac19055c00b65a9836f5ac6e,0,1,0
0x42a48572a6fbfd6cd9d017a59c8d74258ed97afa,0,0,1
0x49e6d94ff389f58a786de23fbb90382474796ac2,0,0,1
0xc031d7ed84cab9317f18a2f8c2aa95bc044b36fc,1,0,0
0xbd82346646fac4c1c0c864c85a9e35709811213a,0,0,1
0x3d3cd38b8bff466497e77b5b756ea0bec9380e74,0,0,0
0xe80b168891372957c60b7823d81014d6d8263c4d,0,1,0
0x7d8857daea655dd4b327431d597403c5932fa5db,1,0,0
0x69f3d8d1f8a5e8c105ae41bd2d5275a6921b7ff2,0,0,0
0x1726ce4b2767b6f5286f0a03947b809bd0c6db74,0,1,0
0x473d3a2005499301dc353afa9d0c9c5980b5188c,0,1,0
0x5d0ac389c669d6efe3ba96b9878d8156f180c539,0,0,0
0x5c9d6f5de9f0b908f916a77f63c991712095e58c,0,0,0
0x26fab83af0f1a06dcccb814fc39408dd83bb89bb,0,1,1
0x0b5a6a15b975fd35f0b301748c8dabd35b50d8c5,0,1,0
0x85a98f62035b39b0dcbdbb98f5bbe379a5bc4a2a,0,1,0
0x37be92f21943dc91629d884f8c41c8203024633a,0,0,1
0x38abab9766e0b27d2912718a884292b8e7eb2803,0,1,0
0x9aa8cc57ef8793975f60e23611af8804070a4f22,1,0,0
0xb96527c84c920fe68e3916a7931b0a1825053ea5,1,0,0
0x2ed8165b98d35077360d155a26fb8516cdc735ce,0,0,0
0x81ea04c179b82d31662994a68b2582ad9d860f88,0,0,1
0x26cd1446d9453da40c7d3e10720e5caf7af1e731,1,0,0
0x9223f4702d712f6a0a8b2c8671e1f66be6cbad21,1,0,0
0xb748952c7bc638f31775245964707bcc5ddfabfc,1,1,1
0x2c75c16f3053de877fe866383ecbda4d66525427,0,0,1
0x5c7c6d069ba232718f37c27a9549b547c359e31c,0,0,0
0xc6c1d9c8161cf9f14dae56fe06218f72d804452a,0,1,0
0xd8ed823a08f38df1e0b7d1e71f66668c8a681d70,0,0,0
0x79d39bd3a3853e961785e1dc811fc7bb2169ab3e,0,0,1
0x590a5862eca5e6b1d22571882a1d5e0cfc6d6301,1,0,0
0xd7fd97d284e92a9a2d02cca308fd79fef361261c,0,0,0
0xd620aadabaa20d2af700853c4504028cba7c3333,0,0,1
0x6315b4bc7fe2310e4d344ecddc51d5ed6ad4f3c6,0,1,0
0x15c32f81df9b00b97b68148b6bdeb72d57f24845,0,0,0
0xa2c91f6bdfd251b771f631dec0c8385ad93735d7,1,0,0
0xc3c747d7acf6f7d097faffa7053ff97910c8a52d,0,1,1
0xddf33dfac858b7b588836a88a162e9b626a60431,0,1,0
0x0645736eecfe8b572cbabb885eaade641b659846,0,0,0
0xe18a59a244e6137851ca8b0ecf57456183120907,0,1,0
0x05656db19ec9ff8dfb437475b3d76ca9a29e968f,1,1,1
0xe140bb5f424a53e0687bfc10f6845a5672d7e242,0,0,0
0xb9d796794e8e51eaf6cdcdc639fa2d6dd567f0ab,0,1,1
0x342319f545faa4c0d32e32f6fee2e503701595f1,1,0,1
0x0b43c477f9f82a9fade4387873cccfca59b2209b,0,0,1
0x00000000032962b51589768828ad878876299e14,1,1,1
0xe1026a11e49675e5eefd937b91650d79727db38d,0,0,0
0xc01168001d29f28c7d20c8ca65b6e53f185a7e71,0,1,0
0x3e20ab5290925731b673accd5351e68a386855dc,0,0,0
0xce824663bccb32e2dad1a8f2a26b698290417b34,0,0,1
0x9aa09d36be9bceee36b3dc81c0a5137ecf7ea13b,1,0,0
0x1bd967d0bfddc2b5752336bf391be1030087ffd3,1,0,0
0xe52f5349153b8eb3b89675af45ac7502c4997e6a,1,1,0
0x95c5665eaa126878aa16b3c2a507c853701d5365,0,1,0
0xc2cce95593546a2e8a1ad2c2a0e4f046d5ceb5ab,0,1,0
0x0e16fa45c87caf641822e1c55b36dec5995209f3,0,0,1
0x006fffcf353044c09209e3ec7e452f7b93d1b12c,0,0,0
0xa0a101c27d6fe0816ac5724d135036578b529045,0,0,0
0x70ef2ac4f6c2549cfbe96f7e6dc0cd04c971c105,0,1,0
0xb3d9fc7ed24284af0c00066aa3c62652e19fc586,0,1,0
0xc55a03fa9af2805b4ccd8b40017330e7ebaaaedd,1,1,0
0xe3d321068b778707245c3b426422b31334888be1,1,0,0
0x262194243629062dac3abeec491305132d47b477,0,1,0
0xf5e0e56bdeaa89be9ba6166fac3c62cce793754e,0,1,0
0x0e075213930b5ff2f43e632ed6c399c15aad2955,0,1,0
0x6d8e9bd8f845f51a224e216b6dd25d5e593d8dd3,1,0,0
0x67d815239aedc4c3f721b057834f4601cc50175b,0,1,0
0x58f92858088842d213eb25e867bb762e5aa5c2b3,0,0,0
0x2f2bf6a2f1e18d5d6417158412d5b3a513f10bfc,0,0,0
0xcbc399a478cc3acbb5d1addb2e205d61f6384f06,1,0,0
0x05cefb1b44d447627bd0f341f29401790963ca9e,0,1,0
0x13c9d9b81513fe8ef119408f916b74118478cb03,0,0,0
0x32d2d8a08e29668492724b83d81c750123b6b905,0,0,0
0xc279fe84665582169a96cf5621361af086377a79,0,0,0
0x37ca7cf3bc6c127cd5d70b9ca9b9d5e94b46c955,0,1,0
0x89c6c5566c7c3963d2af2143d17b28d9b5725c07,0,0,0
0xc80dd50fd6702f81df2f02221161938bebbb5cd7,0,0,0
0xa20a0b22501e5507114ef1b0e88174f510f01ccb,0,0,0
0x0353da8b9b67cfa5b41dd29e6da4fa171da02a99,0,0,0
0x7c7748726efb0ca3e43b6bdb237bced04b237bf9,0,0,0
0x17ee630d8aa0e9f44fba41af50c6b2966349ff17,0,0,0
0x777777c9898d384f785ee44acfe945efdff5f3e0,1,1,1
0x2d50bcb0a96385d41e798edaf95365d7ccef2ec9,0,0,1
0xa7888f85bd76deef3bd03d4dbcf57765a49883b3,0,1,1
0x1109297e392d92c1613fdbdf30579a0215c20da9,0,1,0
0xee6b80d0c734e970c08bf124925efd352ae39ceb,1,0,0
0xb8465f2ab8e1c416a1ca54ddd3207346f0d77fab,0,0,1
0xefcecbde8a00cfb97f5378ebe71d65475b3dde5d,0,0,0
0x33a4c0070384725dbdf57edf3d179f6891124517,0,0,1
0x337c8f57be536a4848a8b69d3d66199a404b9b4e,0,1,0
0xdaa809af463f5dccd4149c5fe34d37a366fb03a3,1,0,0
0x6e79fc5db994b4c43cbc8421810e8efa56c7cb3a,1,0,0
0x6733d50fa085fbf80d96fe03467b03ee83e0ec58,0,1,0
0x164d5004fce308d75d14882f68d375d4388a9e5a,0,0,0
0x00641ed1aae8a9700fd3fd4d899f2577d1ae6b22,0,1,0
0xa75357d34987fc7619e09eb6059de1f025f17ba3,0,0,1
0xba457d79ad41b259eedd3de6d0cd77d93dd72190,0,0,0
0x603b1f7be3d807ea6de69a869ce9b74564aec31d,0,1,1
0x0d78cf8b8723a4390f7bf261f94cfba2fe221f52,1,0,0
0x1b56403289ce09ed7afe2e11b220cf373cb043a0,0,0,0
0x4a2c544fc56cc7e024a336ecb829e39b91d28f51,0,1,0
0xafb53315e65db1372658752134b04fe84dcb9d15,0,0,0
0x573a6a5e4777b1adb0bfe96b5ba1196cd5807289,0,1,0
0x5fe9a4b3f61cee4ea2b784156174c9e945ab73f6,1,0,0
0x6e5ed1a5901e81f6bc008023d766454d831b6617,1,0,1
0xcb15941180ed7cff8b3547117eca6b78cbdeaf9c,0,0,0
0x6c86b9442246ff449eb67b969c4fa51f43253858,1,0,0
0x171c53d55b1bcb725f660677d9e8bad7fd084282,1,0,0
0x47d88d52fd6bdc4238f8dd142db17dcc6d7b5c67,0,0,1
0xbc1b54ff1382d883aef3bc239dcb958ef6b82766,0,1,0
0x0f7494e3e1215af0fa0c4f2d073c496db58c10f2,0,0,1
0xf0778db1fbd0575232ff8eadfd41ca8b059e93af,0,1,0
0xe8da0463a9a8aa3822fcfd28dd84d0d18444b227,0,1,0
0x99343b21b33243ce44acfad0a5620b758ef8817a,0,0,0
0x4702a3050b4353c722feb46794095feff82ac2e5,0,0,1
0xea786fea9c79a8a9f8cf66b53222c9cda11aeed4,1,0,0
0xac979bfe175a31cf7def1e966122a615d1ccc29d,0,1,0
0x9f1597681cc4c4dfd91ce5fe9033aa39e7d7ad3e,0,0,1
0xcb3593c7c0dfe13129ff2b6add9ba402f76c797e,1,1,0
0x1d65a2e4a2e61c903fb5e190c146f04401b508e7,1,0,0
0x7c976f00e84db0b44f945fc6d7fad34b43150a1a,0,0,0
0x25e6f3e429ab5e859d8fb63d40b1215ea31e9a5a,0,1,1
0xfd9361414ea4d1ec1b467c42b4a07390ac7f0c86,0,0,0
0xf1f304def83d6cf4680a81c49cac184a8119a538,1,0,0
0x392f34b4cab00b000838a29ecc5200bbe7733188,0,0,1
0x16f037a3ddf53da1b047a926e1833219f0a8e1fc,1,1,1
0xa38aa9ae8953f245b44e84b6f25e0032e58b1f42,0,0,0
0x7dec539db3863d312dd27bb02fae8c5a05bf6869,1,0,0
0xb5c4402ff7cbe97785dddc768c4e3a4f033474fb,0,1,0
0x1032ffa8a8a0abb6134839f8c4a1944c91a8a68a,0,1,0
0x82f402847051bddaab0f5d4b481417281837c424,0,0,1
0x3c80ea8922cd01d2524fe05826216df5d3ffc22a,1,0,0
0x89b8b20ae90328692cd367f75aafadf55fd33e8b,0,0,0
0x4b44b5acf4a47c45e4faddb7fecc79ddcce9b739,1,0,0
0xefbc103259b500ebe6408fc7c91535b0e158e22b,0,1,0
0xf6e6c83ee7db137ed8dadd5d7bbc6b38220a6602,0,0,0
0x2e15905711635118da35d5ab9a0f994f2cfb304c,0,1,0
0x293f31e54f6aad19fc2c4d280f98b20776f3754d,1,0,0
0x50d36f27872f637ec9ecb4eedff300df44a608ab,0,1,0
0x7448d773f500734d79bd7855e9342c9f43e2b414,1,0,0
0x7eabd555c1b9506490962c1d2321fb7bc49e7d68,1,0,0
0x93dabae1444daafd630d6b4a2d544ecfa4955579,1,1,0
0xfe247664a66f71c4d014c0343bbe5002dfa9a104,0,1,0
0x84887512c5c34bf478d4b963d0aec18d7cd590b5,1,0,0
0xb246ee73d98e9cdca42cbfa2b44b350cd6041e31,0,0,0
0xec5033232bdf694b3bd1bf57a97579fba3ed508a,1,1,1
0x4a1bd667b05565970106aa967560fc10d1c900bb,0,1,0
0x99967871e6c4f9a5185abc57edede9e9540191f6,0,0,1
0x02009370ff755704e9acbd96042c1ab832d6067e,1,0,0
0xc097d50df170cadb73208544b0beb189b351b430,0,0,0
0x6497e4815314ece2a779695341ac63d6481df33a,0,1,0
0x85a230f1b39c679d84307de0184b839c2655951a,1,0,0
0xa405b9367768a64c1fe42dda97bfdc19954a4198,0,0,0
0xd3effb492d129d301c0ccb00094509a856a81d85,1,0,0
0x9052ed2b33fd19c36f7f1e4f0e965cb3d9a16c16,0,0,0
0x9ee282880048f4b72bbe67f7c241a66351be79b3,0,1,0
0x87f3838742e5ff8958d7ce92aff4ecf07a1edcc8,0,1,0
0xeb6296f2b61c9832d98bbab64f35fa157c96541e,0,0,1
0x3300eebeea8239b90a435e403b130a853a0d7dff,0,0,0
0xf183b397d161402c46d4d32b08819c3cfd322975,1,0,0
0xd42d80de96225bd842d2df7fddd8e3a9b26a82ca,0,1,0
0xb0eb6a668b2e8e78b4236fb653c4c19d9a582a3f,0,1,0
0x3f3429d28438cc14133966820b8a9ea61cf1d4f0,0,1,0
0x4da08ac2e4e79678f218f134b0a6f8732ed5b5e4,0,0,0
0xd09f16830172e6073e8e5ee5053f35010f1c7d7a,1,0,1
0x8cb532d9f1d991227ae30ec87dac6bfa3db758e0,1,0,0
0x944a4e79b5e49e744eeefe8797717aae9f5b7386,0,1,0
0x75426e8b95e25366fc08b3ace709309037d30616,1,0,0
0xb9982860b1ab88f14fe6f8394d51a3a88c0c90c3,0,1,0
0x3ff2d8eb2573819a9ef7167d2ba6fd6d31b17f4f,1,0,1
0xa08949ccaa0d8dcaf951611b95d58e74edf2ec1e,1,0,1
0x482cb7c85c6e8ecc0b4ef34872c836d2bb4e2143,0,0,0
0xf4a587311aad1f2d6b0a86bd41566345b371534d,1,0,1
0xa77c88abcaa770c54a6cfbfd0c586a475537bbc1,1,1,0
0xa39ba2cd8658d0b69ba1880dcfbb65216ab33056,1,0,0
0x5d8cca5e1b6983db986cf82784108478a02d0782,1,0,0
0xc7afc22c5e4a76e0d8625dc53bd091e81abbadc5,0,0,0
0xc4decff83b9c8f847cea59f38ef53e3dfe6bc820,0,0,0
0x795fd0c1fa746b83ee568544a6f3e67c091c8954,1,1,1
0x77fcae921e3df22810c5a1ac1d33f2586bba028f,1,1,1
0x0c4c9f147ebf49f535fd8934e7f99c56c21059f9,0,0,0
0x5a2d0e3d6f862ee155f52ab65b6b22e1d80f5716,0,0,1
0xc059173426fa84caec933a9759dbda698651684a,1,0,0
0x7551261ba2059c1d453cc9f1d5cf32f51f84ee4e,1,0,0
0x6d39d82a7e43dd567efc03ef28ee73663f2aa515,0,0,0
0xc5fad431aa5f33905c58f0f99be5d9ed47575e1f,0,0,0
0x5e3646a1db86993f73e6b74a57d8640b69f7e259,0,0,1
