day,inflow_usdc,outflow_usdc,net_usdc,n_deposits,n_withdraws,n_dep_users,n_wd_users
2022-08-26 00:00:00.000 UTC,2529323.835363,1888871.1770630002,640452.6583,52,41,43,28
2022-08-27 00:00:00.000 UTC,2654964.764394,2717700,-62735.23560599983,12,6,12,6
2022-08-28 00:00:00.000 UTC,2639781.7197700003,12676.028631,2627105.6911390005,20,2,14,2
2022-08-29 00:00:00.000 UTC,362529.376146,2008909.0936319998,-1646379.7174859997,6,7,6,6
2022-08-30 00:00:00.000 UTC,300445.79029200005,10403.770624,290042.01966800005,8,2,5,2
2022-08-31 00:00:00.000 UTC,507.917575,118705.608514,-118197.69093900001,4,9,3,7
2022-09-01 00:00:00.000 UTC,62726.884860000006,227149.080771,-164422.19591100002,9,11,7,8
2022-09-02 00:00:00.000 UTC,284864.379024,6700,278164.379024,8,3,7,2
2022-09-03 00:00:00.000 UTC,260932.313527,70135.190985,190797.122542,12,3,6,3
2022-09-04 00:00:00.000 UTC,0,200,-200,4,2,2,1
2022-09-05 00:00:00.000 UTC,1311.109091,1310,1.109091000000035,7,3,6,3
2022-09-06 00:00:00.000 UTC,255342.99,817741.039947,-562398.049947,6,13,2,9
2022-09-07 00:00:00.000 UTC,667067.000554,792425.687549,-125358.686995,8,18,6,4
2022-09-08 00:00:00.000 UTC,2353848.339852,108023.518742,2245824.82111,7,4,6,4
2022-09-09 00:00:00.000 UTC,114506.00851799999,742378.491536,-627872.483018,10,9,7,7
2022-09-10 00:00:00.000 UTC,2501351.8687150003,3116475.60514,-615123.7364249998,13,11,11,10
2022-09-11 00:00:00.000 UTC,2836547.245134,3337238.9607929997,-500691.7156589995,18,16,16,15
2022-09-12 00:00:00.000 UTC,6562940.128329999,5850723.348683,712216.7796469992,25,19,14,10
2022-09-13 00:00:00.000 UTC,5578403.328408,5255542.337639,322860.9907689998,17,19,17,14
2022-09-14 00:00:00.000 UTC,10829979.034852998,6794416.749581,4035562.2852719985,29,29,29,25
2022-09-15 00:00:00.000 UTC,24511548.656438995,22179796.942167997,2331751.714270998,38,37,31,31
2022-09-16 00:00:00.000 UTC,19891888.137517,22677524.808958,-2785636.671441,34,29,27,22
2022-09-17 00:00:00.000 UTC,9865472.725561,5509545.137723,4355927.587838001,16,24,10,16
2022-09-18 00:00:00.000 UTC,61785749.657767005,61035679.740905,750069.9168620035,11,9,7,7
2022-09-19 00:00:00.000 UTC,2880708.0833600005,2462352.1290269997,418355.9543330008,17,16,16,15
2022-09-20 00:00:00.000 UTC,13581703.712106999,14232589.214519002,-650885.5024120025,11,20,10,15
2022-09-21 00:00:00.000 UTC,10252914.355827998,9843846.714053001,409067.6417749971,20,27,19,17
2022-09-22 00:00:00.000 UTC,9362694.152647,3677219.1130889994,5685475.039558001,11,18,9,12
2022-09-23 00:00:00.000 UTC,2297035.6215979997,1806814.390955,490221.23064299976,10,32,9,19
2022-09-24 00:00:00.000 UTC,253636.13608200004,965121.3315559999,-711485.195474,14,15,12,12
2022-09-25 00:00:00.000 UTC,2748620.3608230003,3208627.229436,-460006.86861299956,15,20,11,11
2022-09-26 00:00:00.000 UTC,5188158.114433,6981002.792843,-1792844.6784100002,15,37,10,19
2022-09-27 00:00:00.000 UTC,8359894.329388999,6394898.379210999,1964995.9501780001,10,25,9,14
2022-09-28 00:00:00.000 UTC,6042240.959044,1536659.665691,4505581.293353001,19,12,16,10
2022-09-29 00:00:00.000 UTC,575877.1492580001,3656677.8303380003,-3080800.6810800005,9,25,8,17
2022-09-30 00:00:00.000 UTC,218108.72785599998,450971.855024,-232863.127168,6,18,6,10
2022-10-01 00:00:00.000 UTC,2593966.627941,671052.264635,1922914.363306,8,9,5,6
2022-10-02 00:00:00.000 UTC,2736820.551512,3638719.760826,-901899.2093139999,16,17,12,11
2022-10-03 00:00:00.000 UTC,3533075.61782,4394049.562803,-860973.9449830004,11,12,10,9
2022-10-04 00:00:00.000 UTC,2005910.7130299998,3819577.5858759996,-1813666.872846,18,42,15,23
2022-10-05 00:00:00.000 UTC,12595704.373729002,4773028.576881,7822675.796848002,20,25,18,19
2022-10-06 00:00:00.000 UTC,2631068.779315,878782.266271,1752286.513044,19,20,18,15
2022-10-07 00:00:00.000 UTC,4031852.5619,3748678.816118,283173.745782,11,15,11,13
2022-10-08 00:00:00.000 UTC,32031.521541000002,535410.455067,-503378.933526,3,13,2,10
2022-10-09 00:00:00.000 UTC,2047366.442059,8712631.287485,-6665264.845426,5,13,3,6
2022-10-10 00:00:00.000 UTC,2429687.325493,2235260.900045,194426.42544799997,12,13,11,11
2022-10-11 00:00:00.000 UTC,1462809.7444340002,1155950.966345,306858.77808900014,8,11,8,9
2022-10-12 00:00:00.000 UTC,689283.8358090001,1920776.726494,-1231492.890685,15,11,15,10
2022-10-13 00:00:00.000 UTC,10612972.296180999,5739681.430929,4873290.865251999,14,15,11,15
2022-10-14 00:00:00.000 UTC,1389891.4320649998,2368802.447006,-978911.0149410004,11,13,9,11
2022-10-15 00:00:00.000 UTC,4325512.791694,10499025.624868,-6173512.833174,9,14,7,10
2022-10-16 00:00:00.000 UTC,8592772.901838,36700,8556072.901838,11,5,9,3
2022-10-17 00:00:00.000 UTC,7884923.993179999,6319331.366552999,1565592.626627,13,18,11,11
2022-10-18 00:00:00.000 UTC,12846253.515812,2285453.76748,10560799.748332001,14,13,11,12
2022-10-19 00:00:00.000 UTC,398846.600771,1501216.024692,-1102369.4239209997,5,5,4,4
2022-10-20 00:00:00.000 UTC,1842340.309887,3173104.25,-1330763.940113,7,5,5,5
2022-10-21 00:00:00.000 UTC,754938.239473,2050579.5267140002,-1295641.2872410002,16,11,7,10
2022-10-22 00:00:00.000 UTC,2028732.0678,735702.567779,1293029.500021,8,11,7,8
2022-10-23 00:00:00.000 UTC,592488.590501,3040609.669055,-2448121.078554,13,13,7,13
2022-10-24 00:00:00.000 UTC,3086732.6506700004,11875568.519654,-8788835.868983999,11,10,8,8
2022-10-25 00:00:00.000 UTC,21429719.986322,4076960.5616829996,17352759.424639,10,30,9,18
2022-10-26 00:00:00.000 UTC,4298276.65343,1425662.140636,2872614.512794,10,17,9,16
2022-10-27 00:00:00.000 UTC,2177502.190747,2118822.941792,58679.248954999726,9,12,7,11
2022-10-28 00:00:00.000 UTC,12614.267073,3001570.8174099997,-2988956.550337,4,24,4,20
2022-10-29 00:00:00.000 UTC,7954943.187482,1719777.186225,6235166.0012570005,8,21,8,11
2022-10-30 00:00:00.000 UTC,1494893.9497369998,609285.061526,885608.8882109998,10,11,10,11
2022-10-31 00:00:00.000 UTC,8614584.765587,10378701.189425,-1764116.4238380007,9,32,9,18
2022-11-01 00:00:00.000 UTC,4208387.190452,9785663.765314,-5577276.574862,7,20,6,18
2022-11-02 00:00:00.000 UTC,3632584.687793,1780429.6266799998,1852155.0611130004,16,11,10,10
2022-11-03 00:00:00.000 UTC,10242360.489879001,101320,10141040.489879001,13,9,11,5
2022-11-04 00:00:00.000 UTC,146375.640574,13493355.440543,-13346979.799968999,9,23,8,13
2022-11-05 00:00:00.000 UTC,22069379.152838998,15620776.825235,6448602.327603998,16,18,11,15
2022-11-06 00:00:00.000 UTC,1985475.0714560002,573474.405614,1412000.6658420002,5,6,5,5
2022-11-07 00:00:00.000 UTC,6917406.60107,6148518.812427,768887.7886429997,11,25,8,14
2022-11-08 00:00:00.000 UTC,11320621.626679,13874573.309794001,-2553951.683115002,69,60,29,24
2022-11-09 00:00:00.000 UTC,12470242.958249003,6203905.238696,6266337.719553003,68,38,44,27
2022-11-10 00:00:00.000 UTC,3110544.547380999,11443001.50173,-8332456.954349002,29,52,27,37
2022-11-11 00:00:00.000 UTC,555661.020578,936835.201663,-381174.18108500005,9,25,8,16
2022-11-12 00:00:00.000 UTC,554346.542448,3058722.24635,-2504375.703902,19,20,18,15
2022-11-13 00:00:00.000 UTC,4549050.336938999,2763733.36184,1785316.9750989988,26,15,15,15
2022-11-14 00:00:00.000 UTC,12042240.898179,30769281.440216,-18727040.542037003,34,17,27,15
2022-11-15 00:00:00.000 UTC,23839923.188114,585182.993083,23254740.195031,19,22,18,17
2022-11-16 00:00:00.000 UTC,2501608.454256,1491203.720409,1010404.7338469999,15,13,13,13
2022-11-17 00:00:00.000 UTC,6376875.358483,6319473.659415999,57401.6990670003,16,12,16,12
2022-11-18 00:00:00.000 UTC,2042113.0107759996,117792.305031,1924320.7057449997,26,8,20,7
2022-11-19 00:00:00.000 UTC,1012067.5351709999,1052411.259305,-40343.724134000135,28,8,22,7
2022-11-20 00:00:00.000 UTC,7117297.175975001,2251195.5725240004,4866101.6034510005,26,20,23,16
2022-11-21 00:00:00.000 UTC,727721.699799,38622495.932202,-37894774.232402995,18,24,17,18
2022-11-22 00:00:00.000 UTC,6207698.386154,1043889.2085349999,5163809.177619,24,28,22,24
2022-11-23 00:00:00.000 UTC,27074191.847579002,892246.5302289999,26181945.317350004,24,30,19,21
2022-11-24 00:00:00.000 UTC,5275473.760581,12597191.400819002,-7321717.640238002,14,30,10,21
2022-11-25 00:00:00.000 UTC,5195257.771879001,5640862.395037,-445604.6231579995,20,14,17,14
2022-11-26 00:00:00.000 UTC,111961.405998,670055.852493,-558094.446495,10,22,8,18
2022-11-27 00:00:00.000 UTC,571363.295473,1335508.862618,-764145.567145,19,13,13,7
2022-11-28 00:00:00.000 UTC,4124187.457714,425831.0241200001,3698356.4335939996,14,20,12,16
2022-11-29 00:00:00.000 UTC,9205964.064261999,1895439.338529,7310524.725732999,11,20,10,16
2022-11-30 00:00:00.000 UTC,2149136.8625490004,3303447.8728580005,-1154311.010309,14,26,13,19
2022-12-01 00:00:00.000 UTC,2419775.700185,1464795.098507,954980.6016780001,11,15,11,14
2022-12-02 00:00:00.000 UTC,2554902.041936,333500.071408,2221401.970528,9,14,8,11
2022-12-03 00:00:00.000 UTC,40626665.918585,5687945.026548,34938720.892037004,10,16,8,9
2022-12-04 00:00:00.000 UTC,134156.416789,602628.422812,-468472.006023,7,11,7,10
2022-12-05 00:00:00.000 UTC,37071.467084,1128294.928782,-1091223.4616979999,13,20,8,15
2022-12-06 00:00:00.000 UTC,3358650.6869659997,1854161.7315159999,1504488.9554499998,13,14,13,14
2022-12-07 00:00:00.000 UTC,3898.7477549999994,5046565.547415,-5042666.79966,10,21,9,19
2022-12-08 00:00:00.000 UTC,1311660.41035,1007055.4771349999,304604.9332150001,18,18,16,18
2022-12-09 00:00:00.000 UTC,4175356.702948,28100,4147256.702948,7,3,7,3
2022-12-10 00:00:00.000 UTC,54813.221711,110135.3642,-55322.142489,6,7,6,7
2022-12-11 00:00:00.000 UTC,3951722.673781,29351.082128000002,3922371.591653,17,10,9,10
2022-12-12 00:00:00.000 UTC,4246267.960488,705069.772216,3541198.188272,13,17,11,14
2022-12-13 00:00:00.000 UTC,1663356.136819,4273309.1923940005,-2609953.0555750006,6,20,6,18
2022-12-14 00:00:00.000 UTC,1799173.05219,3329526.385185,-1530353.332995,8,25,8,21
2022-12-15 00:00:00.000 UTC,29202.480928,177392.47456200002,-148189.993634,6,14,6,11
2022-12-16 00:00:00.000 UTC,1046795.913491,372728.25081800006,674067.6626729999,26,24,20,17
2022-12-17 00:00:00.000 UTC,1244777.195594,2695733.296493,-1450956.100899,13,26,12,18
2022-12-18 00:00:00.000 UTC,3875352.8802569997,58473.413426,3816879.4668309996,11,12,9,11
2022-12-19 00:00:00.000 UTC,3492868.855682,8941645.183115998,-5448776.327433998,23,16,16,13
2022-12-20 00:00:00.000 UTC,1071489.744586,4323202.423596,-3251712.67901,7,13,7,11
2022-12-21 00:00:00.000 UTC,75156.090293,1120679.066234,-1045522.975941,14,12,10,11
2022-12-22 00:00:00.000 UTC,6876129.671295,6853174.759927,22954.91136800032,15,14,8,11
2022-12-23 00:00:00.000 UTC,34460.685392,227104.433937,-192643.74854499998,5,10,5,9
2022-12-24 00:00:00.000 UTC,775492.792873,366871.86539399996,408620.92747900006,16,16,10,12
2022-12-25 00:00:00.000 UTC,871814.1967679999,917014.002754,-45199.80598600011,6,8,6,6
2022-12-26 00:00:00.000 UTC,640839.618512,1240625.769024,-599786.1505120001,6,11,5,11
2022-12-27 00:00:00.000 UTC,50695.36732,539094.425499,-488399.058179,15,19,9,13
2022-12-28 00:00:00.000 UTC,659665.387069,505711.22556999995,153954.1614990001,12,15,12,13
2022-12-29 00:00:00.000 UTC,461057.38534200005,963883.244423,-502825.859081,10,14,8,13
2022-12-30 00:00:00.000 UTC,985121.872302,794792.2589629999,190329.61333900003,8,16,6,11
2022-12-31 00:00:00.000 UTC,1941697.265438,938439.2169369999,1003258.048501,7,6,7,6
2023-01-01 00:00:00.000 UTC,44068.33003,205959.214576,-161890.884546,8,9,7,8
2023-01-02 00:00:00.000 UTC,1077905.641767,3374978.790698,-2297073.1489310004,6,10,6,8
2023-01-03 00:00:00.000 UTC,151485.46434599996,559879.241793,-408393.77744700003,11,20,8,18
2023-01-04 00:00:00.000 UTC,4889.293814000001,86723.12706,-81833.833246,6,15,5,10
2023-01-05 00:00:00.000 UTC,381312.75218,1525910.662115,-1144597.909935,13,21,13,14
2023-01-06 00:00:00.000 UTC,4395711.147305,2550650.065814,1845061.0814909996,11,13,8,12
2023-01-07 00:00:00.000 UTC,698590.699967,1134568.630878,-435977.930911,21,27,8,9
2023-01-08 00:00:00.000 UTC,1042441.427963,10084.766972000001,1032356.660991,7,12,7,9
2023-01-09 00:00:00.000 UTC,715239.187437,4747868.522329,-4032629.334892,19,55,11,34
2023-01-10 00:00:00.000 UTC,3112906.7527699997,13901986.822327001,-10789080.069557002,19,17,14,12
2023-01-11 00:00:00.000 UTC,1999724.227214,2290822.115297,-291097.88808299997,16,24,14,17
2023-01-12 00:00:00.000 UTC,6285079.4407589985,5316211.234519,968868.2062399983,31,52,15,32
2023-01-13 00:00:00.000 UTC,2756710.001312,5412783.9415420005,-2656073.9402300003,10,52,9,32
2023-01-14 00:00:00.000 UTC,3857402.0880440003,2880648.1091990005,976753.9788449998,23,53,22,34
2023-01-15 00:00:00.000 UTC,766184.892446,3956138.912095,-3189954.019649,11,27,9,22
2023-01-16 00:00:00.000 UTC,4677602.731833,1876364.430803,2801238.3010299997,24,26,22,18
2023-01-17 00:00:00.000 UTC,2037669.707677,1996653.044748,41016.66292899987,16,22,14,21
2023-01-18 00:00:00.000 UTC,1774606.4063410002,2449868.1251560003,-675261.718815,22,19,14,15
2023-01-19 00:00:00.000 UTC,3031193.02178,7649948.797463999,-4618755.775683999,21,37,15,30
2023-01-20 00:00:00.000 UTC,2688733.7475390006,2989174.5974549996,-300440.849915999,14,34,12,25
2023-01-21 00:00:00.000 UTC,5588593.216925999,4159488.7149030003,1429104.5020229989,30,49,19,32
2023-01-22 00:00:00.000 UTC,1039812.3753789999,9448045.217704002,-8408232.842325002,15,20,15,16
2023-01-23 00:00:00.000 UTC,2297925.041012,883262.2558369999,1414662.7851749999,20,38,18,24
2023-01-24 00:00:00.000 UTC,10768489.075639004,8477447.717380999,2291041.358258005,40,31,26,29
2023-01-25 00:00:00.000 UTC,2234970.646576,18776084.204562,-16541113.557986,17,32,17,22
2023-01-26 00:00:00.000 UTC,2365999.6200559996,5160858.473355,-2794858.8532990003,16,25,14,22
2023-01-27 00:00:00.000 UTC,1139795.5113290001,4196539.688216,-3056744.176887,11,32,10,18
2023-01-28 00:00:00.000 UTC,5796643.434478001,3651080.8024750003,2145562.6320030005,23,16,20,14
2023-01-29 00:00:00.000 UTC,2435706.4199200002,3809384.031052,-1373677.6111319996,23,32,21,25
2023-01-30 00:00:00.000 UTC,7737408.341456002,2378222.645596,5359185.695860002,19,19,18,19
2023-01-31 00:00:00.000 UTC,1624977.428578,4467084.700921999,-2842107.2723439992,15,23,15,18
2023-02-01 00:00:00.000 UTC,8009685.470008,6582468.217027,1427217.2529809996,17,23,15,13
2023-02-02 00:00:00.000 UTC,3627566.7065370004,3117737.9751879997,509828.7313490007,19,39,15,31
2023-02-03 00:00:00.000 UTC,644258.095699,598178.193078,46079.902621000074,21,20,17,16
2023-02-04 00:00:00.000 UTC,627935.960724,673489.826886,-45553.86616199999,11,12,10,11
2023-02-05 00:00:00.000 UTC,4832703.717796001,212022.652081,4620681.065715001,11,10,10,8
2023-02-06 00:00:00.000 UTC,1937640.945359,1248225.095697,689415.8496620001,18,13,16,13
2023-02-07 00:00:00.000 UTC,791260.466194,1348049.5308579998,-556789.0646639998,14,21,10,19
2023-02-08 00:00:00.000 UTC,3727088.747558,4370119.900579,-643031.1530209999,8,12,8,12
2023-02-09 00:00:00.000 UTC,2664184.8527309997,11102996.635431,-8438811.782699998,25,23,23,21
2023-02-10 00:00:00.000 UTC,3255940.134383,2578500.203485,677439.930898,17,34,13,22
2023-02-11 00:00:00.000 UTC,4005464.442296,1067241.965947,2938222.476349,17,13,15,8
2023-02-12 00:00:00.000 UTC,969267.0746270001,266798.897438,702468.1771890002,11,16,10,10
2023-02-13 00:00:00.000 UTC,19152100.166755,10020914.500823002,9131185.665931996,26,27,19,20
2023-02-14 00:00:00.000 UTC,1866101.9800099996,1799724.857578,66377.12243199954,12,26,12,18
2023-02-15 00:00:00.000 UTC,7204379.551647999,7374971.910464,-170592.35881600063,18,29,13,24
2023-02-16 00:00:00.000 UTC,12954039.158090997,19573067.300633997,-6619028.142542999,20,51,16,29
2023-02-17 00:00:00.000 UTC,14621904.848888,1444832.802428,13177072.04646,17,19,15,17
2023-02-18 00:00:00.000 UTC,85336639.047102,171126.069702,85165512.9774,15,19,14,17
2023-02-19 00:00:00.000 UTC,51763.313465,6002713.339669,-5950950.026204,8,25,7,22
2023-02-20 00:00:00.000 UTC,2920532.587129,10404297.465924,-7483764.878795,16,27,11,21
2023-02-21 00:00:00.000 UTC,10760.179724,2132407.060767,-2121646.881043,15,13,15,13
2023-02-22 00:00:00.000 UTC,176060.50405,27715806.126086,-27539745.622036,80,18,75,16
2023-02-23 00:00:00.000 UTC,15495.613408000003,2125040.4959499994,-2109544.882541999,45,20,44,17
2023-02-24 00:00:00.000 UTC,260485.668677,1505851.543707,-1245365.87503,43,16,41,14
2023-02-25 00:00:00.000 UTC,6381269.24794,2819139.189946,3562130.057994,66,24,64,23
2023-02-26 00:00:00.000 UTC,452040.1282909999,1633135.7274779999,-1181095.599187,46,24,44,23
2023-02-27 00:00:00.000 UTC,114283.93274300001,1986755.754109,-1872471.821366,31,24,29,23
2023-02-28 00:00:00.000 UTC,1537429.131337,1310623.348899,226805.78243799997,28,17,27,16
2023-03-01 00:00:00.000 UTC,2843531.553931,1723178.2040480003,1120353.349883,17,20,16,17
2023-03-02 00:00:00.000 UTC,235663.21007700003,1580068.677482,-1344405.467405,15,15,14,13
2023-03-03 00:00:00.000 UTC,4309742.071086001,12054617.845632998,-7744875.774546998,21,30,18,25
2023-03-04 00:00:00.000 UTC,83712.243336,9632819.544056,-9549107.30072,13,15,12,14
2023-03-05 00:00:00.000 UTC,487321.601521,28704,458617.601521,11,5,11,5
2023-03-06 00:00:00.000 UTC,7896152.242467999,3426834.499921,4469317.742547,20,16,16,15
2023-03-07 00:00:00.000 UTC,915753.4843140001,3614772.832808,-2699019.348494,17,18,17,13
2023-03-08 00:00:00.000 UTC,4470795.223053999,6066606.768819,-1595811.5457650004,24,33,23,26
2023-03-09 00:00:00.000 UTC,4572173.946387,28559632.88605,-23987458.939663,36,38,32,24
2023-03-10 00:00:00.000 UTC,9475106.48617,18633885.020382,-9158778.534211999,47,60,34,52
2023-03-11 00:00:00.000 UTC,60307320.07663501,38071825.524031,22235494.552604012,139,97,87,88
2023-03-12 00:00:00.000 UTC,9218035.557768002,3579989.862738,5638045.695030002,39,27,28,24
2023-03-13 00:00:00.000 UTC,18599943.691886,30538387.767270997,-11938444.075384997,31,53,29,44
2023-03-14 00:00:00.000 UTC,14888952.333329,10300080.586563,4588871.746765999,25,45,22,28
2023-03-15 00:00:00.000 UTC,4303331.809903,3738736.8317059996,564594.978197,20,26,20,24
2023-03-16 00:00:00.000 UTC,3619386.68799,3419139.5112260003,200247.17676399974,18,19,17,16
2023-03-17 00:00:00.000 UTC,11117974.511518,3278722.217247,7839252.294271,22,48,21,36
2023-03-18 00:00:00.000 UTC,11322846.201100001,15368943.857601004,-4046097.6565010026,30,43,27,34
2023-03-19 00:00:00.000 UTC,1624125.8454769999,4783790.975933,-3159665.1304560006,32,39,30,26
2023-03-20 00:00:00.000 UTC,2315460.1158060003,3753399.073875,-1437938.9580689995,35,38,25,26
2023-03-21 00:00:00.000 UTC,5411815.9954160005,3239511.7737249997,2172304.2216910007,28,31,23,23
2023-03-22 00:00:00.000 UTC,1820604.3443749999,5537256.509459,-3716652.165084,20,26,17,15
2023-03-23 00:00:00.000 UTC,2836869.771574001,1708096.4557889998,1128773.315785001,21,24,21,20
2023-03-24 00:00:00.000 UTC,3261314.825065001,6930279.370553,-3668964.545487999,37,35,33,24
2023-03-25 00:00:00.000 UTC,1147003.623785,520156,626847.6237850001,39,19,35,9
2023-03-26 00:00:00.000 UTC,6831654.037972997,1374150.000011,5457504.037961997,31,14,31,13
2023-03-27 00:00:00.000 UTC,275398.019535,1368615.651119,-1093217.631584,22,16,22,16
2023-03-28 00:00:00.000 UTC,1161909.604819,3968649.850142,-2806740.2453229995,22,14,16,12
2023-03-29 00:00:00.000 UTC,923021.32798,3379295.227986,-2456273.900006,20,23,16,21
2023-03-30 00:00:00.000 UTC,1874495.193537,1025812.9975919999,848682.1959450002,20,23,18,18
2023-03-31 00:00:00.000 UTC,1351913.396781,5261539.558059,-3909626.161278,16,27,14,19
2023-04-01 00:00:00.000 UTC,831583.919036,341923.71665,489660.202386,18,19,18,16
2023-04-02 00:00:00.000 UTC,2448404.831777999,163161.333389,2285243.498388999,17,11,16,11
2023-04-03 00:00:00.000 UTC,8840382.670317,4709659.610537,4130723.05978,21,24,18,23
2023-04-04 00:00:00.000 UTC,1435826.539856,574182.691677,861643.8481790001,16,19,12,17
2023-04-05 00:00:00.000 UTC,3228024.0221270006,1732797.526784,1495226.4953430006,13,16,11,16
2023-04-06 00:00:00.000 UTC,1167888.917008,2738866.578892,-1570977.661884,15,16,13,13
2023-04-07 00:00:00.000 UTC,3938039.242822,6271777.683744,-2333738.4409220004,23,21,17,19
2023-04-08 00:00:00.000 UTC,3037345.294445,2578350.691814,458994.60263100034,24,17,23,16
2023-04-09 00:00:00.000 UTC,2326651.053194,460400.409317,1866250.6438769998,26,20,22,13
2023-04-10 00:00:00.000 UTC,12004140.770849999,6876874.031706,5127266.739143999,15,22,13,20
2023-04-11 00:00:00.000 UTC,3626155.1304740002,6668016.137770999,-3041861.007296999,18,37,16,30
2023-04-12 00:00:00.000 UTC,4532997.552697999,980012.726245,3552984.8264529994,33,25,28,17
2023-04-13 00:00:00.000 UTC,10688841.757938,25775642.34302,-15086800.585082,17,45,16,31
2023-04-14 00:00:00.000 UTC,8010004.960919001,22046937.941136,-14036932.980216999,28,46,23,25
2023-04-15 00:00:00.000 UTC,11533681.611301998,8943644.790862001,2590036.820439996,20,24,18,23
2023-04-16 00:00:00.000 UTC,883760.493625,5511744.047798,-4627983.554173,17,25,15,18
2023-04-17 00:00:00.000 UTC,10266486.58157,13116069.913425999,-2849583.3318559993,31,27,28,25
2023-04-18 00:00:00.000 UTC,4207291.784888,525579.85943,3681711.925458,9,19,8,17
2023-04-19 00:00:00.000 UTC,10523068.572776001,720151.591193,9802916.981583001,11,24,9,16
2023-04-20 00:00:00.000 UTC,547069.8386319999,10826321.751926001,-10279251.913294,17,19,14,15
2023-04-21 00:00:00.000 UTC,14959010.571422001,984749.008556,13974261.562866002,24,21,20,18
2023-04-22 00:00:00.000 UTC,8456224.70971,6924353.694948001,1531871.0147619992,16,12,15,12
2023-04-23 00:00:00.000 UTC,48845.000372,178819.338736,-129974.338364,5,11,5,10
2023-04-24 00:00:00.000 UTC,3144964.93846,19548809.63565,-16403844.697190002,16,26,13,20
2023-04-25 00:00:00.000 UTC,9002507.370188,2302592.4940609997,6699914.876127,17,18,16,18
2023-04-26 00:00:00.000 UTC,2193351.707287,7663842.410579,-5470490.703291999,18,31,15,19
2023-04-27 00:00:00.000 UTC,14760546.507655999,14882156.830184001,-121610.32252800278,21,30,19,20
2023-04-28 00:00:00.000 UTC,10459362.045094,9747014.246731,712347.7983630002,23,21,16,19
2023-04-29 00:00:00.000 UTC,61482.221720999994,5286302.095056999,-5224819.8733359985,10,16,8,9
2023-04-30 00:00:00.000 UTC,8092966.249330999,1244668.85423,6848297.395101,11,8,11,7
2023-05-01 00:00:00.000 UTC,5401046.656410001,318900,5082146.656410001,23,8,20,8
2023-05-02 00:00:00.000 UTC,10500544.510418,6533461.314029,3967083.196389,18,20,18,18
2023-05-03 00:00:00.000 UTC,1208646.319803,2375445.911291,-1166799.591488,8,14,6,14
2023-05-04 00:00:00.000 UTC,2262664.69559,9714085.806742,-7451421.111151999,9,10,9,10
2023-05-05 00:00:00.000 UTC,10003014.897439,145418.330817,9857596.566622,2,14,2,13
2023-05-06 00:00:00.000 UTC,343425.477983,332016.363527,11409.114455999981,13,5,12,4
2023-05-07 00:00:00.000 UTC,450000,196800,253200,2,7,1,6
2023-05-08 00:00:00.000 UTC,3850657.35104,12455068.413148,-8604411.062108,14,13,9,12
2023-05-09 00:00:00.000 UTC,981346.21603,986487.9997449999,-5141.78371499991,7,25,7,16
2023-05-10 00:00:00.000 UTC,1902094.729932,1186594.9211630002,715499.8087689998,9,8,9,7
2023-05-11 00:00:00.000 UTC,1465518.8803519998,11114501.016564,-9648982.136212,12,9,11,9
2023-05-12 00:00:00.000 UTC,12910379.908752,285861.1702,12624518.738552,21,15,15,12
2023-05-13 00:00:00.000 UTC,8230321.841963,414187.17027400003,7816134.671689,10,11,10,11
2023-05-14 00:00:00.000 UTC,1888547.068729,1737853.6145469998,150693.45418200013,13,13,8,11
2023-05-15 00:00:00.000 UTC,6650874.070358,6926435.247467999,-275561.1771099996,9,17,8,17
2023-05-16 00:00:00.000 UTC,393857.406845,2364339.4773949995,-1970482.0705499994,11,12,11,10
2023-05-17 00:00:00.000 UTC,822315.866208,1977871.554672,-1155555.688464,6,11,6,10
2023-05-18 00:00:00.000 UTC,766756.792271,73640.09213699999,693116.700134,8,8,8,8
2023-05-19 00:00:00.000 UTC,1625360.39863,5372723.802436,-3747363.403806,8,13,8,13
2023-05-20 00:00:00.000 UTC,2302104.848702,2796833.279071,-494728.43036899995,17,14,10,13
2023-05-21 00:00:00.000 UTC,1409489.74427,1358168.2402340001,51321.504035999766,14,14,12,10
2023-05-22 00:00:00.000 UTC,2084703.077341,12513727.35451,-10429024.277169,5,8,5,8
2023-05-23 00:00:00.000 UTC,253526.946266,2431500.187244,-2177973.2409779998,6,16,6,16
2023-05-24 00:00:00.000 UTC,4495484.352530001,9428690.503384002,-4933206.150854001,18,17,17,14
2023-05-25 00:00:00.000 UTC,2786627.6542670005,8772576.823038999,-5985949.168771999,9,18,8,17
2023-05-26 00:00:00.000 UTC,12261503.178135999,8569803.480265,3691699.6978709977,12,11,12,11
2023-05-27 00:00:00.000 UTC,1042512.047492,310750.002102,731762.0453900001,10,7,10,7
2023-05-28 00:00:00.000 UTC,187247.945037,227703.76068,-40455.81564300001,10,10,8,10
2023-05-29 00:00:00.000 UTC,2601025.235781,1560542.009937,1040483.225844,8,17,8,14
2023-05-30 00:00:00.000 UTC,1269670.357336,2578960.6161579997,-1309290.2588219997,10,11,9,11
2023-05-31 00:00:00.000 UTC,2533551.250828,1089292.057716,1444259.193112,8,16,5,14
2023-06-01 00:00:00.000 UTC,663280.145363,1051882.026007,-388601.8806439999,18,12,8,11
2023-06-02 00:00:00.000 UTC,1510688.976979,4013739.554395,-2503050.577416,11,22,9,15
2023-06-03 00:00:00.000 UTC,376706.195437,307159,69547.19543700002,8,10,8,8
2023-06-04 00:00:00.000 UTC,393609.443518,3047262.960781,-2653653.517263,16,6,14,6
2023-06-05 00:00:00.000 UTC,7036775.565425,29972634.628069997,-22935859.062644996,21,16,19,14
2023-06-06 00:00:00.000 UTC,22109631.444776997,37092872.240158,-14983240.795381002,27,37,25,28
2023-06-07 00:00:00.000 UTC,8374637.281679999,6788749.347242,1585887.9344379995,31,23,28,20
2023-06-08 00:00:00.000 UTC,14307861.084539002,2307876.048618,11999985.035921002,21,10,18,10
2023-06-09 00:00:00.000 UTC,1768537.8951050001,1279988.782191,488549.1129140002,13,20,10,14
2023-06-10 00:00:00.000 UTC,2999149.4477849994,5478513.414321999,-2479363.9665369997,56,18,30,15
2023-06-11 00:00:00.000 UTC,1847434.5171219998,877505.855428,969928.6616939998,19,15,16,14
2023-06-12 00:00:00.000 UTC,9282018.641046,1724705.456436,7557313.184610001,26,20,17,16
2023-06-13 00:00:00.000 UTC,5403586.185718,1109969.728452,4293616.457266,16,22,14,15
2023-06-14 00:00:00.000 UTC,2043099.947473,2222460.251164,-179360.30369099998,32,40,21,19
2023-06-15 00:00:00.000 UTC,2674924.289550001,12752761.777138,-10077837.487588,29,32,25,25
2023-06-16 00:00:00.000 UTC,1452190.3879489999,1845969.214785,-393778.8268360002,16,22,16,17
2023-06-17 00:00:00.000 UTC,1487854.732252,1465310.470598,22544.261653999798,13,15,11,10
2023-06-18 00:00:00.000 UTC,4208234.1457630005,738024.653662,3470209.4921010006,11,15,8,12
2023-06-19 00:00:00.000 UTC,30722396.214706004,52648185.90587,-21925789.691163994,16,25,14,21
2023-06-20 00:00:00.000 UTC,16622845.255960997,20018029.410958,-3395184.1549970023,21,28,18,24
2023-06-21 00:00:00.000 UTC,12972982.023349002,11758057.316844001,1214924.7065050006,25,68,25,41
2023-06-22 00:00:00.000 UTC,11368929.364404,10320257.641730001,1048671.7226739991,27,40,22,32
2023-06-23 00:00:00.000 UTC,13141326.343120001,1298718.8727459998,11842607.470374001,20,21,19,15
2023-06-24 00:00:00.000 UTC,625718.794512,1186673.395338,-560954.600826,7,16,6,11
2023-06-25 00:00:00.000 UTC,3344770.3358699996,4263217.32523,-918446.98936,20,32,20,23
2023-06-26 00:00:00.000 UTC,1790150.295759,6141854.579272999,-4351704.283514,12,45,11,26
2023-06-27 00:00:00.000 UTC,27581610.645698,12040597.688971002,15541012.956726998,22,54,19,38
2023-06-28 00:00:00.000 UTC,1648168.2685049998,3520826.620978,-1872658.3524730003,23,26,19,24
2023-06-29 00:00:00.000 UTC,5032414.091933001,3801718.432063,1230695.659870001,25,32,21,24
2023-06-30 00:00:00.000 UTC,5612451.109853,9679381.420465,-4066930.3106119996,26,49,15,32
2023-07-01 00:00:00.000 UTC,925164.3336619999,1081441.381941,-156277.0482790001,13,11,11,10
2023-07-02 00:00:00.000 UTC,8781401.737171,8890619.312715,-109217.57554399967,11,25,10,18
2023-07-03 00:00:00.000 UTC,29053507.568655003,33039720.404335998,-3986212.835680995,29,61,24,42
2023-07-04 00:00:00.000 UTC,7580997.080024999,13124617.038071001,-5543619.958046002,19,31,15,24
2023-07-05 00:00:00.000 UTC,3124935.700045,11945819.564834999,-8820883.86479,13,26,12,24
2023-07-06 00:00:00.000 UTC,33268143.430138998,29883372.186453,3384771.243685998,23,29,18,25
2023-07-07 00:00:00.000 UTC,4628177.708007,4859526.410065999,-231348.70205899887,29,27,27,22
2023-07-08 00:00:00.000 UTC,34039989.191177,30746450.158518,3293539.0326590016,26,22,18,18
2023-07-09 00:00:00.000 UTC,2519701.7014660006,520025.81406899996,1999675.8873970006,22,26,20,16
2023-07-10 00:00:00.000 UTC,13714687.224698,16385164.472002,-2670477.247304,30,19,23,18
2023-07-11 00:00:00.000 UTC,14022023.635042999,6735757.980052,7286265.654990999,28,15,20,14
2023-07-12 00:00:00.000 UTC,38828772.87445099,38758664.455642,70108.41880898923,51,36,44,26
2023-07-13 00:00:00.000 UTC,5625388.706690002,11135882.724663999,-5510494.017973997,34,64,31,46
2023-07-14 00:00:00.000 UTC,18809379.747904003,20328196.713605996,-1518816.9657019936,39,58,31,46
2023-07-15 00:00:00.000 UTC,29553039.943037003,26812746.354689002,2740293.5883480012,38,29,28,23
2023-07-16 00:00:00.000 UTC,2516980.6782050007,8291477.005563999,-5774496.327358998,43,35,41,27
2023-07-17 00:00:00.000 UTC,11797766.68267,6410264.811919999,5387501.87075,28,40,26,27
2023-07-18 00:00:00.000 UTC,17044515.828755,9684264.028219,7360251.800535999,28,23,23,19
2023-07-19 00:00:00.000 UTC,7848259.157559999,6119763.481267001,1728495.6762929987,14,34,12,30
2023-07-20 00:00:00.000 UTC,8408360.00323,2612410.6500469996,5795949.353183,15,43,15,37
2023-07-21 00:00:00.000 UTC,4288076.602015,18040346.525816,-13752269.923801001,12,35,11,28
2023-07-22 00:00:00.000 UTC,3076101.5071190004,500565.21614900004,2575536.2909700004,22,16,22,14
2023-07-23 00:00:00.000 UTC,4562982.457876001,172518.932103,4390463.525773001,16,16,15,14
2023-07-24 00:00:00.000 UTC,3509573.225969,4041632.7667540004,-532059.5407850007,18,26,17,19
2023-07-25 00:00:00.000 UTC,185021.96698400003,765456,-580434.033016,12,27,12,23
2023-07-26 00:00:00.000 UTC,1721271.684961,1728275.093525,-7003.408563999925,20,28,17,20
2023-07-27 00:00:00.000 UTC,4576093.49225,2042798.478615,2533295.013635,17,20,14,18
2023-07-28 00:00:00.000 UTC,46659951.927193,19064983.130933,27594968.79626,12,18,9,18
2023-07-29 00:00:00.000 UTC,1099006.8855019999,1336524.8634410002,-237517.97793900035,7,21,7,17
2023-07-30 00:00:00.000 UTC,2749077.20541,14680814.187067999,-11931736.981657999,13,28,10,25
2023-07-31 00:00:00.000 UTC,12015790.388516,39221346.21754901,-27205555.82903301,18,71,16,50
2023-08-01 00:00:00.000 UTC,29992337.286751997,26478590.503729,3513746.783022996,50,69,39,56
2023-08-02 00:00:00.000 UTC,5394803.462161,13911704.968065001,-8516901.505904,19,46,16,28
2023-08-03 00:00:00.000 UTC,4897280.689476001,5686950.096945,-789669.4074689988,45,30,33,24
2023-08-04 00:00:00.000 UTC,4320746.291498001,1324837.3665510002,2995908.9249470006,23,26,20,22
2023-08-05 00:00:00.000 UTC,1228201.442826,2581909.666583,-1353708.2237570002,18,11,15,11
2023-08-06 00:00:00.000 UTC,14582484.110810999,10310995.660678,4271488.450133,27,18,21,14
2023-08-07 00:00:00.000 UTC,2941018.7828460005,4474957.442720001,-1533938.6598740001,23,33,17,30
2023-08-08 00:00:00.000 UTC,12627296.870192997,7787853.8501539985,4839443.020038999,24,46,20,40
2023-08-09 00:00:00.000 UTC,1254786.3638999998,1667914.7544459999,-413128.3905460001,16,39,14,31
2023-08-10 00:00:00.000 UTC,4218086.885570001,12383118.515948,-8165031.630377999,13,21,13,16
2023-08-11 00:00:00.000 UTC,9282063.814665,3903061.688227,5379002.126438001,24,23,20,20
2023-08-12 00:00:00.000 UTC,5139376.299664,465152.249054,4674224.05061,21,18,16,15
2023-08-13 00:00:00.000 UTC,2374848.9405500004,870383.285253,1504465.6552970004,10,16,8,14
2023-08-14 00:00:00.000 UTC,3280340.574043,5706653.474800999,-2426312.900757999,12,19,11,17
2023-08-15 00:00:00.000 UTC,3179572.1850810004,1689852.144984,1489720.0400970005,22,23,19,21
2023-08-16 00:00:00.000 UTC,6352171.6876610005,3050403.188326,3301768.4993350008,36,23,22,20
2023-08-17 00:00:00.000 UTC,6128272.891519,6151450.221267,-23177.32974800002,56,62,36,35
2023-08-18 00:00:00.000 UTC,92918744.50249699,97214348.66016902,-4295604.157672033,51,68,38,52
2023-08-19 00:00:00.000 UTC,1979399.6617490002,4528324.334428,-2548924.672679,13,30,11,24
2023-08-20 00:00:00.000 UTC,3033580.6969029997,4748276.444809001,-1714695.7479060013,6,15,6,13
2023-08-21 00:00:00.000 UTC,1107243.43804,16015303.204359999,-14908059.76632,13,29,11,23
2023-08-22 00:00:00.000 UTC,5450832.125023,2503374.49879,2947457.626233,21,14,14,12
2023-08-23 00:00:00.000 UTC,7581314.909205,6174477.077704,1406837.8315009996,11,24,11,22
2023-08-24 00:00:00.000 UTC,18618735.466718,2595483.580061,16023251.886657,23,19,16,17
2023-08-25 00:00:00.000 UTC,545526.651301,269118.090857,276408.56044400006,12,20,10,15
2023-08-26 00:00:00.000 UTC,320715.514982,4843701.061551001,-4522985.546569001,11,15,7,13
2023-08-27 00:00:00.000 UTC,2855547.9097430003,3480774.8133260002,-625226.903583,9,8,8,8
2023-08-28 00:00:00.000 UTC,602994.826483,427883.115927,175111.71055599995,7,16,7,15
2023-08-29 00:00:00.000 UTC,995287.6638249999,11117279.420902,-10121991.757077001,13,44,11,33
2023-08-30 00:00:00.000 UTC,623750.2685189999,2215549.774956,-1591799.5064370001,15,28,10,25
2023-08-31 00:00:00.000 UTC,2118864.334016,5496795.776048999,-3377931.4420329994,21,20,17,17
2023-09-01 00:00:00.000 UTC,3955969.8944390006,2140011.942683,1815957.9517560005,23,50,20,38
2023-09-02 00:00:00.000 UTC,110875.23461499998,2975489.3137540002,-2864614.0791390003,10,26,10,19
2023-09-03 00:00:00.000 UTC,1656402.450941,987474.160475,668928.2904659999,16,31,12,26
2023-09-04 00:00:00.000 UTC,1342574.648388,3247364.835032,-1904790.1866440002,19,32,13,22
2023-09-05 00:00:00.000 UTC,1189416.3158129998,1178563.5461300001,10852.7696829997,19,38,15,25
2023-09-06 00:00:00.000 UTC,1797412.4256739998,4977120.127693,-3179707.7020190004,24,36,17,31
2023-09-07 00:00:00.000 UTC,15983142.55696,9653301.992945999,6329840.564014001,12,21,11,17
2023-09-08 00:00:00.000 UTC,750350.4951529999,17432272.995657004,-16681922.500504004,14,24,13,20
2023-09-09 00:00:00.000 UTC,801392.4503389999,132296.63089700002,669095.8194419998,9,15,7,13
2023-09-10 00:00:00.000 UTC,1857397.6690769999,1083362.965036,774034.704041,21,23,18,18
2023-09-11 00:00:00.000 UTC,744337.7601689999,1050024.8346509999,-305687.07448199997,24,22,21,19
2023-09-12 00:00:00.000 UTC,2190597.0102300006,315565.664978,1875031.3452520007,12,28,10,22
2023-09-13 00:00:00.000 UTC,1705484.529449,2300453.595158,-594969.065709,16,27,15,23
2023-09-14 00:00:00.000 UTC,1112788.7716060001,515205.55269100005,597583.2189150001,15,23,10,16
2023-09-15 00:00:00.000 UTC,8115306.911494,4595910.191159,3519396.720335,16,33,14,24
2023-09-16 00:00:00.000 UTC,2448924.136205,460495.4143,1988428.7219049998,10,13,8,11
2023-09-17 00:00:00.000 UTC,883403.4766989998,5697294.8908130005,-4813891.414114,12,17,10,15
2023-09-18 00:00:00.000 UTC,133752.29578400002,3337833.160357999,-3204080.8645739993,12,46,10,34
2023-09-19 00:00:00.000 UTC,3373771.0691860006,762429.426602,2611341.6425840007,25,32,15,23
2023-09-20 00:00:00.000 UTC,2521815.780125,206561.18036700002,2315254.599758,17,23,16,19
2023-09-21 00:00:00.000 UTC,17551734.633380998,897337.247614,16654397.385766998,23,23,19,19
2023-09-22 00:00:00.000 UTC,391492.391322,4609204.900572,-4217712.50925,15,19,12,16
2023-09-23 00:00:00.000 UTC,534019.9130859999,651746.931662,-117727.01857600012,13,21,8,16
2023-09-24 00:00:00.000 UTC,7568679.180434,1194553.1956979998,6374125.984736,16,19,16,15
2023-09-25 00:00:00.000 UTC,1609952.414339,1084772.840295,525179.5740439999,13,23,12,19
2023-09-26 00:00:00.000 UTC,2943584.568293,6554214.08755,-3610629.519257,12,23,12,21
2023-09-27 00:00:00.000 UTC,1084947.382214,1487848.662879,-402901.28066499997,14,29,11,23
2023-09-28 00:00:00.000 UTC,8190829.194813,5037819.342058999,3153009.8527540006,18,49,16,34
2023-09-29 00:00:00.000 UTC,5087770.866901001,2378402.857862,2709368.009039001,23,30,18,24
2023-09-30 00:00:00.000 UTC,2273868.805348,4408345.894576999,-2134477.0892289993,24,40,18,24
2023-10-01 00:00:00.000 UTC,816500.495221,2155319.000563,-1338818.5053419997,25,30,11,24
2023-10-02 00:00:00.000 UTC,6527333.413875999,9636128.509595,-3108795.0957190003,33,44,22,33
2023-10-03 00:00:00.000 UTC,2822402.867467,4208704.427831,-1386301.5603639996,21,41,18,33
2023-10-04 00:00:00.000 UTC,4288248.266302,8189173.225776998,-3900924.9594749985,29,63,18,33
2023-10-05 00:00:00.000 UTC,6243054.238194,1538382.1590779999,4704672.079116,26,38,20,27
2023-10-06 00:00:00.000 UTC,6242504.5295589985,6785608.403205,-543103.8736460013,25,37,19,25
2023-10-07 00:00:00.000 UTC,3521387.420397,5754932.558799,-2233545.1384020005,22,36,16,24
2023-10-08 00:00:00.000 UTC,5334547.538132998,2053790.4947450003,3280757.043387998,25,22,20,20
2023-10-09 00:00:00.000 UTC,2600337.66869,5390017.051611,-2789679.3829209995,40,35,22,31
2023-10-10 00:00:00.000 UTC,9965694.897616,7007909.057371,2957785.840245001,23,24,20,21
2023-10-11 00:00:00.000 UTC,3659628.447632,14988549.449822001,-11328921.002190001,31,38,22,29
2023-10-12 00:00:00.000 UTC,36444582.805277996,35780385.385115,664197.4201629981,20,34,19,26
2023-10-13 00:00:00.000 UTC,5027884.595027001,4919268.925582,108615.66944500059,14,49,10,32
2023-10-14 00:00:00.000 UTC,3044415.226874,4226455.457963,-1182040.2310890001,21,18,18,17
2023-10-15 00:00:00.000 UTC,316145.278926,9725223.012157999,-9409077.733231999,11,32,9,24
2023-10-16 00:00:00.000 UTC,13244202.858252,1669029.896342,11575172.96191,32,48,27,36
2023-10-17 00:00:00.000 UTC,2784881.894586,8506436.532063998,-5721554.637477998,19,39,14,31
2023-10-18 00:00:00.000 UTC,712623.2050869999,1771643.448902,-1059020.2438150002,21,41,14,32
2023-10-19 00:00:00.000 UTC,905787.7390579999,3129284.636464,-2223496.897406,18,33,14,26
2023-10-20 00:00:00.000 UTC,4285435.721201,11113989.692104997,-6828553.970903997,31,59,28,42
2023-10-21 00:00:00.000 UTC,21228962.913751997,1962779.8871880001,19266183.026564,30,57,25,33
2023-10-22 00:00:00.000 UTC,3910908.3685760004,4014152.703772,-103244.33519599959,41,61,22,39
2023-10-23 00:00:00.000 UTC,674341.5834550001,7447114.669259999,-6772773.085804999,45,107,22,67
2023-10-24 00:00:00.000 UTC,9840129.559165,14109753.460426,-4269623.901261,43,100,27,67
2023-10-25 00:00:00.000 UTC,4674766.415104,10209821.861562,-5535055.446458001,40,71,27,46
2023-10-26 00:00:00.000 UTC,12871767.625194002,6608745.865605,6263021.759589002,38,59,29,46
2023-10-27 00:00:00.000 UTC,6231433.698781,16865133.282462,-10633699.583681,18,29,17,28
2023-10-28 00:00:00.000 UTC,12297047.748920003,8008015.441268,4289032.307652003,51,33,38,25
2023-10-29 00:00:00.000 UTC,11581710.087083,4909126.415355001,6672583.671728,24,40,23,27
2023-10-30 00:00:00.000 UTC,16109480.912863,14868329.59901,1241151.3138529994,30,41,19,35
2023-10-31 00:00:00.000 UTC,14032714.420496002,10478016.940859,3554697.4796370026,21,57,21,45
2023-11-01 00:00:00.000 UTC,8553182.847182,14348303.887072999,-5795121.039890999,27,71,19,45
2023-11-02 00:00:00.000 UTC,6946886.194783002,9224138.644549001,-2277252.449765999,39,61,29,48
2023-11-03 00:00:00.000 UTC,6162772.528153,5677926.1664269995,484846.3617260009,30,40,22,33
2023-11-04 00:00:00.000 UTC,10148334.720110001,8262996.154041,1885338.5660690013,27,48,25,39
2023-11-05 00:00:00.000 UTC,14568409.19906,16153356.725459,-1584947.5263989996,50,55,27,42
2023-11-06 00:00:00.000 UTC,11307412.270024,8047846.239289001,3259566.030734999,24,68,18,54
2023-11-07 00:00:00.000 UTC,4761003.908995,4017559.10628,743444.8027149998,28,51,12,47
2023-11-08 00:00:00.000 UTC,4837095.927097,8290941.725381001,-3453845.7982840007,26,79,20,52
2023-11-09 00:00:00.000 UTC,21183777.092882995,24086677.14541,-2902900.0525270067,57,131,46,79
2023-11-10 00:00:00.000 UTC,19114746.307247,14615357.473718,4499388.833529001,43,93,29,58
2023-11-11 00:00:00.000 UTC,6321858.998113999,8465708.890383001,-2143849.8922690023,29,53,24,39
2023-11-12 00:00:00.000 UTC,5327889.813641999,7214655.588142,-1886765.7745000012,27,54,19,41
2023-11-13 00:00:00.000 UTC,4467671.011538,6022167.309826,-1554496.2982879998,44,56,34,47
2023-11-14 00:00:00.000 UTC,9658991.788084002,5384296.5621569995,4274695.225927003,33,51,23,36
2023-11-15 00:00:00.000 UTC,5335204.615261999,5136105.835536,199098.77972599864,32,62,26,48
2023-11-16 00:00:00.000 UTC,23987366.421003,17308875.880372,6678490.540631,46,70,25,57
2023-11-17 00:00:00.000 UTC,6095795.515014,15443403.339538999,-9347607.824524999,44,41,37,34
2023-11-18 00:00:00.000 UTC,12468039.519931,6197138.459321,6270901.06061,18,42,17,36
2023-11-19 00:00:00.000 UTC,1686781.919207,3640126.160871,-1953344.241664,16,48,14,38
2023-11-20 00:00:00.000 UTC,7494957.973032,12754833.687018,-5259875.713986,19,53,16,40
2023-11-21 00:00:00.000 UTC,5480298.479798,4696901.432574,783397.0472240001,48,52,27,42
2023-11-22 00:00:00.000 UTC,15236549.319624007,9939396.756085001,5297152.563539006,43,81,29,48
2023-11-23 00:00:00.000 UTC,4803730.61571,8506718.108757,-3702987.493047001,29,49,28,38
2023-11-24 00:00:00.000 UTC,38033843.022662,15175933.453152997,22857909.569509,30,57,24,52
2023-11-25 00:00:00.000 UTC,1297908.90363,2569026.8550319998,-1271117.9514019997,14,55,12,35
2023-11-26 00:00:00.000 UTC,7196833.32454,8675428.990597,-1478595.666057,22,37,19,34
2023-11-27 00:00:00.000 UTC,992141.625264,11201077.522408001,-10208935.897144001,22,50,22,40
2023-11-28 00:00:00.000 UTC,2010519.97365,8388664.161489,-6378144.1878390005,16,58,14,52
2023-11-29 00:00:00.000 UTC,3109696.5814850004,4308226.339319,-1198529.7578339996,20,54,16,41
2023-11-30 00:00:00.000 UTC,4875598.361547001,4582826.527782,292771.83376500104,17,40,14,36
2023-12-01 00:00:00.000 UTC,1237248.729062,4807944.198490001,-3570695.469428001,21,47,17,40
2023-12-02 00:00:00.000 UTC,5784261.431434,3638363.5512459995,2145897.8801880004,18,63,16,47
2023-12-03 00:00:00.000 UTC,1374027.8598599997,6607289.3476249995,-5233261.487764999,19,49,16,40
2023-12-04 00:00:00.000 UTC,11778229.02359,12242846.509767,-464617.4861769993,58,95,43,78
2023-12-05 00:00:00.000 UTC,12865141.154107999,7478989.117087999,5386152.03702,26,79,23,63
2023-12-06 00:00:00.000 UTC,5992861.954428001,4463700.2958,1529161.6586280009,23,60,22,52
2023-12-07 00:00:00.000 UTC,6816151.668652001,8070428.037578002,-1254276.3689260008,35,80,29,58
2023-12-08 00:00:00.000 UTC,2311332.2485020007,8920862.906231,-6609530.657728998,31,85,24,66
2023-12-09 00:00:00.000 UTC,6799825.418152,3096353.294369,3703472.123783,31,63,22,48
2023-12-10 00:00:00.000 UTC,2987874.4915659996,3145576.194923999,-157701.7033579992,38,57,30,37
2023-12-11 00:00:00.000 UTC,14930477.945852004,16081571.027714001,-1151093.081861997,62,95,49,60
2023-12-12 00:00:00.000 UTC,5698907.906613001,12141759.45031,-6442851.543696999,40,46,30,40
2023-12-13 00:00:00.000 UTC,7442406.500267,5522218.6695179995,1920187.8307490004,28,51,27,41
2023-12-14 00:00:00.000 UTC,5763869.264861,8539907.209967,-2776037.9451060006,29,54,24,39
2023-12-15 00:00:00.000 UTC,1844900.8994290002,2716233.0862109996,-871332.1867819994,20,58,16,31
2023-12-16 00:00:00.000 UTC,11071031.648520999,3524144.7295669997,7546886.918953999,25,36,23,24
2023-12-17 00:00:00.000 UTC,6198098.262808999,6453621.06406,-255522.80125100072,30,43,24,34
2023-12-18 00:00:00.000 UTC,4627539.591301,6829446.823882,-2201907.232581,35,43,25,37
2023-12-19 00:00:00.000 UTC,13920098.496681001,6625075.899021,7295022.597660001,26,38,23,33
2023-12-20 00:00:00.000 UTC,7572801.396533,10770693.960878,-3197892.5643449994,17,38,17,33
2023-12-21 00:00:00.000 UTC,7472807.862984001,8526628.083455998,-1053820.2204719977,34,67,27,54
2023-12-22 00:00:00.000 UTC,14232393.550131,14654093.003858,-421699.45372699946,26,53,20,48
2023-12-23 00:00:00.000 UTC,7745838.845168998,785503.381989,6960335.463179998,35,28,24,21
2023-12-24 00:00:00.000 UTC,418684.1682170001,5976834.759118999,-5558150.590901999,19,38,11,27
2023-12-25 00:00:00.000 UTC,1314838.2006170002,5976071.552848999,-4661233.352231999,27,32,22,29
2023-12-26 00:00:00.000 UTC,3768321.126196,6307403.185783,-2539082.059587,41,38,34,32
2023-12-27 00:00:00.000 UTC,14089406.120090999,6469888.332799001,7619517.787291998,46,49,36,35
2023-12-28 00:00:00.000 UTC,17816720.698390007,17691482.067120004,125238.63127000257,51,60,40,37
2023-12-29 00:00:00.000 UTC,8935834.921664001,8213746.392307001,722088.5293570003,22,53,19,46
2023-12-30 00:00:00.000 UTC,27167199.25821,25553859.306307,1613339.9519030005,45,50,33,36
2023-12-31 00:00:00.000 UTC,2308536.381145,2676872.508619,-368336.1274740002,20,31,19,27
2024-01-01 00:00:00.000 UTC,6251897.657128999,5026217.000438,1225680.656690999,17,37,15,29
2024-01-02 00:00:00.000 UTC,4823393.548362,10951392.828036,-6127999.279673999,43,77,23,54
2024-01-03 00:00:00.000 UTC,27767661.052174993,36489847.941533,-8722186.889358006,69,108,38,61
2024-01-04 00:00:00.000 UTC,27434334.21506,32019628.311623,-4585294.096563,48,73,39,52
2024-01-05 00:00:00.000 UTC,19148586.040694993,14642351.324316,4506234.716378992,80,36,51,30
2024-01-06 00:00:00.000 UTC,18248570.976728007,6250157.386523001,11998413.590205006,45,31,40,25
2024-01-07 00:00:00.000 UTC,8346462.858594001,5604975.756895,2741487.101699001,19,28,13,24
2024-01-08 00:00:00.000 UTC,8101236.375304999,11616384.238693003,-3515147.863388004,46,79,26,63
2024-01-09 00:00:00.000 UTC,11978263.957197003,8474100.075579002,3504163.8816180006,57,67,34,59
2024-01-10 00:00:00.000 UTC,7182156.447689999,12334415.781683,-5152259.333993001,35,85,27,46
2024-01-11 00:00:00.000 UTC,43042833.52235501,36211846.095367,6830987.426988013,70,95,54,61
2024-01-12 00:00:00.000 UTC,25141940.855273005,30301403.113525998,-5159462.258252993,53,65,44,49
2024-01-13 00:00:00.000 UTC,14884937.842626002,9763391.665194,5121546.1774320025,36,46,32,41
2024-01-14 00:00:00.000 UTC,12651578.199697,6222660.208345999,6428917.991351002,21,38,17,31
2024-01-15 00:00:00.000 UTC,8051215.897619998,17556221.841665,-9505005.944045002,44,59,28,43
2024-01-16 00:00:00.000 UTC,25890131.864099998,28722303.117060002,-2832171.252960004,46,51,36,39
2024-01-17 00:00:00.000 UTC,4019544.492246001,2921995.945148,1097548.547098001,37,36,31,30
2024-01-18 00:00:00.000 UTC,10866773.036257997,13748070.226257,-2881297.189999003,41,32,34,23
2024-01-19 00:00:00.000 UTC,7633742.541084998,7314586.517075,319156.02400999796,47,49,34,40
2024-01-20 00:00:00.000 UTC,8705617.082210997,6098706.6210940005,2606910.4611169966,51,33,33,30
2024-01-21 00:00:00.000 UTC,5020954.864661001,784464.431332,4236490.433329001,23,19,22,16
2024-01-22 00:00:00.000 UTC,6623083.459889,7652725.107904001,-1029641.6480150009,56,50,38,44
2024-01-23 00:00:00.000 UTC,8332842.229678001,10413710.351246,-2080868.121567998,77,74,58,59
2024-01-24 00:00:00.000 UTC,4160014.9895249996,5874697.370607,-1714682.3810820002,31,49,22,38
2024-01-25 00:00:00.000 UTC,1347525.3177709999,1002148.177634,345377.1401369999,24,34,15,32
2024-01-26 00:00:00.000 UTC,5950332.374705998,3934444.4161839997,2015887.9585219985,29,51,22,41
2024-01-27 00:00:00.000 UTC,859708.699056,1659113.79597,-799405.0969140001,11,36,11,29
2024-01-28 00:00:00.000 UTC,1365582.643898,1310592.033102,54990.61079600011,19,31,16,26
2024-01-29 00:00:00.000 UTC,4340052.812865001,6487706.237741,-2147653.424875999,26,61,20,49
2024-01-30 00:00:00.000 UTC,3541554.7823340003,14249770.577153001,-10708215.794819001,23,44,17,35
2024-01-31 00:00:00.000 UTC,13011117.373556,5485702.230257,7525415.143298999,30,43,24,40
2024-02-01 00:00:00.000 UTC,11203692.278431997,1656110.7968650002,9547581.481566997,31,45,24,31
2024-02-02 00:00:00.000 UTC,7765569.007932,4300471.979129,3465097.028803,35,57,27,43
2024-02-03 00:00:00.000 UTC,1657470.5479179998,1458324.4878949998,199146.060023,21,41,14,32
2024-02-04 00:00:00.000 UTC,9161713.5163,562944.14551,8598769.370790001,22,28,18,23
2024-02-05 00:00:00.000 UTC,9519998.287419,58190362.94738599,-48670364.65996699,45,70,33,40
2024-02-06 00:00:00.000 UTC,22890694.123589,15867280.517416002,7023413.606172999,93,37,58,28
2024-02-07 00:00:00.000 UTC,21235371.891063,788758.845877,20446613.045186,50,39,35,25
2024-02-08 00:00:00.000 UTC,2845599.9760660003,989968.4496050001,1855631.526461,41,35,23,26
2024-02-09 00:00:00.000 UTC,17916926.251631998,25341309.013641,-7424382.762009002,50,40,32,37
2024-02-10 00:00:00.000 UTC,17604133.930916995,6628689.886958,10975444.043958995,37,44,28,35
2024-02-11 00:00:00.000 UTC,7550801.395967999,11575947.851272,-4025146.4553040015,18,38,18,34
2024-02-12 00:00:00.000 UTC,24370376.432907,22974082.630986,1396293.8019209988,37,72,28,60
2024-02-13 00:00:00.000 UTC,6467066.0856800005,8896965.293229,-2429899.207549,40,59,35,50
2024-02-14 00:00:00.000 UTC,10172460.960777,6255440.228106999,3917020.7326700008,37,87,27,68
2024-02-15 00:00:00.000 UTC,8530148.214106001,10538114.915433,-2007966.7013269998,46,71,36,52
2024-02-16 00:00:00.000 UTC,8964172.758603,7643465.720248999,1320707.038354,52,57,44,51
2024-02-17 00:00:00.000 UTC,1695901.658958,3338538.3230250003,-1642636.6640670004,24,43,14,34
2024-02-18 00:00:00.000 UTC,17501254.69904,17163970.444967996,337284.25407200307,48,52,33,44
2024-02-19 00:00:00.000 UTC,8455692.798547998,10885233.292141,-2429540.4935930017,21,55,20,43
2024-02-20 00:00:00.000 UTC,6111409.085589999,16965736.363835998,-10854327.278245999,39,49,38,42
2024-02-21 00:00:00.000 UTC,13472292.149829,3447494.984019,10024797.16581,58,48,51,41
2024-02-22 00:00:00.000 UTC,3445465.2696309993,1790052.1882560002,1655413.0813749991,28,47,24,35
2024-02-23 00:00:00.000 UTC,12258851.749409,12356216.43755,-97364.68814100139,26,39,23,34
2024-02-24 00:00:00.000 UTC,13610957.845234001,6624858.622402,6986099.222832001,30,54,30,43
2024-02-25 00:00:00.000 UTC,2776259.1886219997,11277132.094428001,-8500872.905806001,20,63,20,46
2024-02-26 00:00:00.000 UTC,15772535.29658,12138537.118836,3633998.1777439993,40,77,29,67
2024-02-27 00:00:00.000 UTC,12174025.587547999,8855981.319996,3318044.2675519995,43,93,38,77
2024-02-28 00:00:00.000 UTC,24192760.367983997,33801098.12540801,-9608337.757424012,36,114,28,88
2024-02-29 00:00:00.000 UTC,11219168.612718,11998672.110523,-779503.4978050012,48,85,40,69
2024-03-01 00:00:00.000 UTC,10115039.463653997,3760975.3680100003,6354064.095643996,31,51,26,44
2024-03-02 00:00:00.000 UTC,10632998.814728001,24874979.087465,-14241980.272736998,26,58,21,44
2024-03-03 00:00:00.000 UTC,10070190.347152,3703376.533475,6366813.813677,46,45,36,37
2024-03-04 00:00:00.000 UTC,11650987.505291,8789440.094415998,2861547.410875002,30,71,27,57
2024-03-05 00:00:00.000 UTC,22961442.237021998,17356777.375731003,5604664.861290995,58,116,44,86
2024-03-06 00:00:00.000 UTC,10448281.547558997,11943410.319572,-1495128.772013003,50,94,37,70
2024-03-07 00:00:00.000 UTC,39491006.08066001,37434921.00941,2056085.0712500066,44,56,37,53
2024-03-08 00:00:00.000 UTC,17632290.871693004,21505699.772956,-3873408.901262995,32,84,27,71
2024-03-09 00:00:00.000 UTC,50913833.24510601,51099282.405719005,-185449.16061299294,39,63,29,51
2024-03-10 00:00:00.000 UTC,16339253.941365,19210329.017278,-2871075.075913001,29,52,27,41
2024-03-11 00:00:00.000 UTC,34414711.555222,41284058.093234,-6869346.538012005,59,98,50,73
2024-03-12 00:00:00.000 UTC,24792068.272640005,15472494.741062002,9319573.531578002,70,53,57,50
2024-03-13 00:00:00.000 UTC,19568447.591925,30691593.425905004,-11123145.833980005,57,57,48,46
2024-03-14 00:00:00.000 UTC,12002372.553717,8015460.340592001,3986912.213125,56,54,42,47
2024-03-15 00:00:00.000 UTC,24326583.51865399,12251928.933237001,12074654.585416988,66,68,57,56
2024-03-16 00:00:00.000 UTC,6997277.981498002,19304329.581749998,-12307051.600251995,52,59,42,48
2024-03-17 00:00:00.000 UTC,9119163.30005,14827717.695273,-5708554.395223001,52,74,36,54
2024-03-18 00:00:00.000 UTC,18452185.060700998,16327770.092389999,2124414.9683109988,61,60,40,50
2024-03-19 00:00:00.000 UTC,38638363.59073201,22048006.975709997,16590356.615022011,90,64,62,50
2024-03-20 00:00:00.000 UTC,12836036.022100002,12779113.197818002,56922.82428199984,62,73,46,56
2024-03-21 00:00:00.000 UTC,12115037.175314,7946842.390839,4168194.7844749996,44,51,39,42
2024-03-22 00:00:00.000 UTC,12215061.609442001,3539402.97305,8675658.636392001,40,32,34,30
2024-03-23 00:00:00.000 UTC,15939880.496672003,18783888.332350004,-2844007.835678002,32,38,24,31
2024-03-24 00:00:00.000 UTC,16328040.180565,23995906.620208003,-7667866.439643003,26,33,24,29
2024-03-25 00:00:00.000 UTC,14355468.747275999,18170757.590846002,-3815288.8435700033,46,57,42,47
2024-03-26 00:00:00.000 UTC,20942061.550554004,7293731.67731,13648329.873244002,50,59,37,48
2024-03-27 00:00:00.000 UTC,9402986.837221,14488315.679058999,-5085328.8418379985,33,51,31,38
2024-03-28 00:00:00.000 UTC,14140615.481581999,10055055.544425001,4085559.9371569976,29,54,28,47
2024-03-29 00:00:00.000 UTC,6193007.453901,16216510.333684001,-10023502.879783,24,44,21,42
2024-03-30 00:00:00.000 UTC,7711928.313681001,11475845.812967,-3763917.4992859997,35,25,29,23
2024-03-31 00:00:00.000 UTC,19204641.572111007,676539.3386009999,18528102.233510006,42,39,35,32
2024-04-01 00:00:00.000 UTC,6596857.827568,6911183.12969,-314325.3021219997,20,58,16,51
2024-04-02 00:00:00.000 UTC,29227790.96088401,22523875.288126003,6703915.672758006,75,76,49,61
2024-04-03 00:00:00.000 UTC,12256595.398674,18518986.942153998,-6262391.543479998,34,66,24,54
2024-04-04 00:00:00.000 UTC,15682749.816403,21678525.692135997,-5995775.875732997,34,44,23,37
2024-04-05 00:00:00.000 UTC,7220123.693688999,9210514.846309999,-1990391.152621,42,40,26,34
2024-04-06 00:00:00.000 UTC,10340162.062206997,4577160.248751,5763001.813455997,42,33,31,27
2024-04-07 00:00:00.000 UTC,24974121.072943,27958991.579438,-2984870.5064950027,35,48,22,32
2024-04-08 00:00:00.000 UTC,20257013.24289,15141580.199391,5115433.043499,46,74,31,60
2024-04-09 00:00:00.000 UTC,4379148.829711001,5051022.23709,-671873.4073789986,23,41,19,37
2024-04-10 00:00:00.000 UTC,9345561.230024,12530775.231521001,-3185214.0014970005,37,61,28,50
2024-04-11 00:00:00.000 UTC,9724244.863245998,9787693.887455001,-63449.024209003896,32,41,26,37
2024-04-12 00:00:00.000 UTC,16302687.449794,18696941.178894002,-2394253.729100002,50,82,41,53
2024-04-13 00:00:00.000 UTC,39885307.637395,38746649.72771499,1138657.909680009,77,95,57,62
2024-04-14 00:00:00.000 UTC,12105538.336081002,8990041.289680997,3115497.046400005,59,102,40,75
2024-04-15 00:00:00.000 UTC,12225491.128888004,15782362.186766004,-3556871.0578780007,42,82,30,64
2024-04-16 00:00:00.000 UTC,9652664.782233998,12071959.119215002,-2419294.336981004,40,66,27,57
2024-04-17 00:00:00.000 UTC,5183611.5778,6057365.872355999,-873754.2945559993,27,48,20,41
2024-04-18 00:00:00.000 UTC,23927350.727788,12768755.218878,11158595.508910002,47,52,34,45
2024-04-19 00:00:00.000 UTC,10004319.911344001,6549683.104644,3454636.8067000015,30,48,26,38
2024-04-20 00:00:00.000 UTC,6861577.464691998,1016898.553089,5844678.911602998,18,43,17,36
2024-04-21 00:00:00.000 UTC,1908073.941271,5930954.6328529995,-4022880.6915819994,21,40,19,39
2024-04-22 00:00:00.000 UTC,15477931.297894,13684126.282197999,1793805.0156960003,20,50,16,45
2024-04-23 00:00:00.000 UTC,3145580.143923,12893672.515488002,-9748092.371565003,26,58,18,49
2024-04-24 00:00:00.000 UTC,8624177.371802999,4624927.676158,3999249.695644999,23,46,18,43
2024-04-25 00:00:00.000 UTC,2339748.705245,3059072.888135,-719324.1828900003,22,33,16,28
2024-04-26 00:00:00.000 UTC,11663787.180819,5860729.696688,5803057.484130999,20,53,17,38
2024-04-27 00:00:00.000 UTC,1729783.2279700001,5611367.231181,-3881584.003211,21,23,17,17
2024-04-28 00:00:00.000 UTC,1876134.9271480003,576047.783943,1300087.1432050003,33,30,18,28
2024-04-29 00:00:00.000 UTC,1890336.6157680003,10740157.441415,-8849820.825647,24,39,19,37
2024-04-30 00:00:00.000 UTC,7658151.767288,13659523.806952,-6001372.039663999,43,51,34,42
2024-05-01 00:00:00.000 UTC,10310469.371648004,25914777.080613002,-15604307.708964998,88,85,51,61
2024-05-02 00:00:00.000 UTC,34005255.451433,6350804.313352,27654451.138081003,37,63,32,52
2024-05-03 00:00:00.000 UTC,5449964.696816001,6841664.685912001,-1391699.9890959999,54,54,18,43
2024-05-04 00:00:00.000 UTC,842667.1968190001,5794016.672438,-4951349.475619,15,31,14,21
2024-05-05 00:00:00.000 UTC,2881936.291148,9834835.957256999,-6952899.666108999,20,38,17,29
2024-05-06 00:00:00.000 UTC,3066737.289606,13366069.407543,-10299332.117937,28,43,22,36
2024-05-07 00:00:00.000 UTC,18298580.63728,4393807.443977,13904773.193302998,25,36,21,35
2024-05-08 00:00:00.000 UTC,3102776.7253900003,6744985.506449999,-3642208.781059999,47,39,37,34
2024-05-09 00:00:00.000 UTC,9560864.639638001,1538976.744194,8021887.895444001,31,46,26,41
2024-05-10 00:00:00.000 UTC,3785923.0440020002,2301632.111889,1484290.9321130002,27,33,27,33
2024-05-11 00:00:00.000 UTC,540415.951075,178111.010766,362304.94030899997,23,20,20,20
2024-05-12 00:00:00.000 UTC,1412515.159059,1943821.9505260002,-531306.7914670003,16,42,13,33
2024-05-13 00:00:00.000 UTC,14875169.862496998,4172279.049054,10702890.813442998,53,82,39,59
2024-05-14 00:00:00.000 UTC,8898569.135721002,9394914.974338999,-496345.83861799724,31,47,22,36
2024-05-15 00:00:00.000 UTC,4655647.277574,26123584.636,-21467937.358426,33,75,26,61
2024-05-16 00:00:00.000 UTC,4929654.850875,7332724.576559,-2403069.725684,35,78,31,52
2024-05-17 00:00:00.000 UTC,14290731.911285,16028001.080110002,-1737269.1688250024,35,62,26,50
2024-05-18 00:00:00.000 UTC,890798.467526,1798114.322231,-907315.8547050001,34,60,31,47
2024-05-19 00:00:00.000 UTC,3631590.047809,12165642.451646999,-8534052.403837997,21,41,21,39
2024-05-20 00:00:00.000 UTC,19668948.513955,5215812.411545001,14453136.10241,37,77,32,69
2024-05-21 00:00:00.000 UTC,10628977.373271,10369918.964379005,259058.4088919945,43,99,37,80
2024-05-22 00:00:00.000 UTC,1786540.3386070002,4845484.655446,-3058944.316839,26,66,24,54
2024-05-23 00:00:00.000 UTC,3330743.1831199997,22989678.500557996,-19658935.317437995,33,71,24,57
2024-05-24 00:00:00.000 UTC,16467666.665877003,12958033.081169,3509633.5847080033,22,68,18,57
2024-05-25 00:00:00.000 UTC,3587758.4516340005,1715409.278279,1872349.1733550006,26,42,19,35
2024-05-26 00:00:00.000 UTC,1499554.2951540002,3137030.4659379995,-1637476.1707839994,9,39,9,36
2024-05-27 00:00:00.000 UTC,1373979.101396,1934062.219412,-560083.1180159999,24,76,20,61
2024-05-28 00:00:00.000 UTC,1663050.593014,12192189.643404,-10529139.05039,27,56,21,45
2024-05-29 00:00:00.000 UTC,13094454.126959002,18241742.04508,-5147287.918120997,39,43,25,37
2024-05-30 00:00:00.000 UTC,11291797.397727,2163853.7788489996,9127943.618878,33,54,27,44
2024-05-31 00:00:00.000 UTC,307119.371765,2151857.422006,-1844738.0502409998,25,45,22,34
2024-06-01 00:00:00.000 UTC,2515577.6696969997,5805722.358651001,-3290144.6889540013,24,47,13,36
2024-06-02 00:00:00.000 UTC,489389.57537100004,1455651.035918,-966261.4605469999,22,38,17,33
2024-06-03 00:00:00.000 UTC,3076694.2030989993,2239382.43037,837311.7727289991,28,40,21,38
2024-06-04 00:00:00.000 UTC,5657743.878821,7857570.842550999,-2199826.963729998,28,65,22,49
2024-06-05 00:00:00.000 UTC,15638597.764633996,21723347.634173006,-6084749.869539009,23,62,20,52
2024-06-06 00:00:00.000 UTC,3996108.351894,1455790.950039,2540317.4018550003,34,39,29,37
2024-06-07 00:00:00.000 UTC,1165118.98632,4315874.663350001,-3150755.677030001,34,69,21,50
2024-06-08 00:00:00.000 UTC,6074934.860936,2616862.499483,3458072.361453,29,27,20,23
2024-06-09 00:00:00.000 UTC,3556725.3752290006,329063.95198899996,3227661.4232400004,33,36,29,29
2024-06-10 00:00:00.000 UTC,8645591.185144,15579434.658392001,-6933843.473248001,55,55,39,40
2024-06-11 00:00:00.000 UTC,7076867.125414999,9177326.786860999,-2100459.6614459995,56,68,41,57
2024-06-12 00:00:00.000 UTC,14914717.857014995,4714577.870140001,10200139.986874994,45,63,32,44
2024-06-13 00:00:00.000 UTC,10399392.050892,12277731.351896001,-1878339.3010040019,44,39,39,29
2024-06-14 00:00:00.000 UTC,11860414.480468001,10500115.399492001,1360299.080976,53,50,37,35
2024-06-15 00:00:00.000 UTC,2275071.9230740005,1722080.4892139998,552991.4338600007,20,39,16,28
2024-06-16 00:00:00.000 UTC,1533314.4897009998,1189676.989252,343637.5004489997,28,58,27,41
2024-06-17 00:00:00.000 UTC,3310600.3369279997,5647031.582536,-2336431.245608,48,58,35,39
2024-06-18 00:00:00.000 UTC,4567655.5441040015,1572549.4166060002,2995106.1274980013,51,59,29,33
2024-06-19 00:00:00.000 UTC,5148542.237593001,6610622.111619,-1462079.8740259996,24,67,20,42
2024-06-20 00:00:00.000 UTC,3055864.6533229994,7623321.106102999,-4567456.45278,27,54,21,38
2024-06-21 00:00:00.000 UTC,9223238.22514,6753004.266915999,2470233.9582240004,53,46,34,35
2024-06-22 00:00:00.000 UTC,1640329.1743029999,792944.4222319999,847384.7520709999,32,23,25,21
2024-06-23 00:00:00.000 UTC,2840517.21249,1153704.52088,1686812.6916099999,33,35,24,30
2024-06-24 00:00:00.000 UTC,22904924.525823005,10916233.622869,11988690.902954005,108,86,60,59
2024-06-25 00:00:00.000 UTC,9603316.400609,9283415.48199,319900.9186189994,32,64,20,41
2024-06-26 00:00:00.000 UTC,681748.659959,3119592.3092440004,-2437843.6492850003,38,52,28,42
2024-06-27 00:00:00.000 UTC,16906853.20504,13726391.171973,3180462.033067001,46,72,25,52
2024-06-28 00:00:00.000 UTC,1377943.775944,9720346.156373,-8342402.380429,50,49,35,39
2024-06-29 00:00:00.000 UTC,2133073.8384900005,2714835.933703,-581762.0952129997,39,39,29,27
2024-06-30 00:00:00.000 UTC,2035821.1178370002,3339305.3551719994,-1303484.2373349993,39,46,35,34
2024-07-01 00:00:00.000 UTC,4579034.36243,5044207.718168,-465173.355738,54,58,18,46
2024-07-02 00:00:00.000 UTC,1464828.474264,4907256.9089089995,-3442428.4346449994,18,51,16,34
2024-07-03 00:00:00.000 UTC,7450930.984963,3659700.917997,3791230.066966,50,61,35,50
2024-07-04 00:00:00.000 UTC,20097561.102084994,3861806.2954410003,16235754.806643995,98,84,68,60
2024-07-05 00:00:00.000 UTC,76653101.301646,12591150.434194002,64061950.867451996,178,172,95,108
2024-07-06 00:00:00.000 UTC,9440884.27236,1805744.6096689997,7635139.662691001,29,66,27,48
2024-07-07 00:00:00.000 UTC,1435066.1868200002,7630799.140335,-6195732.953515,46,63,30,44
2024-07-08 00:00:00.000 UTC,6823104.322061001,4236775.801136,2586328.5209250012,60,80,38,45
2024-07-09 00:00:00.000 UTC,3271841.4149279995,8577505.726056999,-5305664.311128999,29,64,22,51
2024-07-10 00:00:00.000 UTC,3978742.571434,4017862.277416,-39119.7059820001,47,53,32,41
2024-07-11 00:00:00.000 UTC,2959867.906854,2962679.2482140004,-2811.341360000428,30,27,25,22
2024-07-12 00:00:00.000 UTC,8015912.078578001,2165022.430419,5850889.648159001,55,55,36,47
2024-07-13 00:00:00.000 UTC,1203160.795585,1316989.8520520004,-113829.0564670004,15,45,15,30
2024-07-14 00:00:00.000 UTC,1119176.8267239998,2144897.000159,-1025720.1734350002,29,52,20,34
2024-07-15 00:00:00.000 UTC,14316107.738463,11609966.437004995,2706141.301458005,50,103,25,73
2024-07-16 00:00:00.000 UTC,6490664.865506,6875345.344443,-384680.47893700004,37,72,29,51
2024-07-17 00:00:00.000 UTC,924781.4874679998,2734125.474118001,-1809343.986650001,26,50,20,40
2024-07-18 00:00:00.000 UTC,3513730.9721329994,3517914.636985,-4183.664852000773,25,43,19,41
2024-07-19 00:00:00.000 UTC,4404580.357033,35298364.506356,-30893784.149323,30,82,19,52
2024-07-20 00:00:00.000 UTC,68141519.527519,7908854.804905999,60232664.72261301,27,50,17,37
2024-07-21 00:00:00.000 UTC,2585804.072027,7112964.200996,-4527160.128969001,19,61,16,37
2024-07-22 00:00:00.000 UTC,9770491.646962,15546940.001719,-5776448.354757,22,42,18,38
2024-07-23 00:00:00.000 UTC,2229562.641234,29976106.861228,-27746544.219994,30,46,16,33
2024-07-24 00:00:00.000 UTC,7462663.649893,3096852.0274759997,4365811.622417,44,50,26,36
2024-07-25 00:00:00.000 UTC,12755627.187477002,8731503.250799002,4024123.936678,70,50,40,41
2024-07-26 00:00:00.000 UTC,9580285.754107999,2036229.5775169993,7544056.176591,35,105,26,45
2024-07-27 00:00:00.000 UTC,3326673.674592001,2415939.8798780004,910733.7947140005,38,35,23,33
2024-07-28 00:00:00.000 UTC,48057067.321407005,17991329.220739994,30065738.10066701,31,50,25,45
2024-07-29 00:00:00.000 UTC,3015065.7607879993,31704000.29356201,-28688934.53277401,38,94,27,73
2024-07-30 00:00:00.000 UTC,464609.22625799995,11129408.875891998,-10664799.649633998,18,48,9,46
2024-07-31 00:00:00.000 UTC,535911.332923,6782979.758016,-6247068.425093,26,50,22,44
2024-08-01 00:00:00.000 UTC,409924.4218720001,5057097.78037,-4647173.358498,43,44,31,37
2024-08-02 00:00:00.000 UTC,4820767.945158001,7197469.596973999,-2376701.6518159984,43,57,35,48
2024-08-03 00:00:00.000 UTC,3316502.4345690003,9551689.728496002,-6235187.293927002,62,65,38,31
2024-08-04 00:00:00.000 UTC,3306047.7592590004,8560421.7472,-5254373.987940999,135,102,73,60
2024-08-05 00:00:00.000 UTC,31313701.720947005,65042539.055167995,-33728837.33422099,350,243,155,168
2024-08-06 00:00:00.000 UTC,20850860.097495,8506402.914212,12344457.183283001,56,85,37,66
2024-08-07 00:00:00.000 UTC,2595895.531594,5076185.4129530005,-2480289.8813590007,42,62,35,47
2024-08-08 00:00:00.000 UTC,5484835.728216001,9384943.425145,-3900107.6969289994,21,73,19,52
2024-08-09 00:00:00.000 UTC,12803813.14498,8091689.951096,4712123.193884,22,58,15,51
2024-08-10 00:00:00.000 UTC,513690.6041589999,7714445.617074001,-7200755.012915,20,45,14,34
2024-08-11 00:00:00.000 UTC,2238736.1543260003,5649195.919184,-3410459.764858,27,32,18,28
2024-08-12 00:00:00.000 UTC,5543613.035441999,1914271.4049540001,3629341.630487999,17,38,16,34
2024-08-13 00:00:00.000 UTC,5876492.174641,5292369.498782,584122.6758590005,22,37,17,30
2024-08-14 00:00:00.000 UTC,11080710.671208,4714467.160808001,6366243.510399999,35,50,25,41
2024-08-15 00:00:00.000 UTC,10472146.51539,5526441.573096001,4945704.942293999,34,58,19,38
2024-08-16 00:00:00.000 UTC,8465955.458348999,9312489.431960002,-846533.9736110028,32,45,14,29
2024-08-17 00:00:00.000 UTC,2741769.004004,19430966.916705,-16689197.912701001,20,47,19,32
2024-08-18 00:00:00.000 UTC,843911.5406689999,5047112.692976001,-4203201.152307001,26,33,22,23
2024-08-19 00:00:00.000 UTC,5209932.018157,608671.417205,4601260.600951999,26,31,24,26
2024-08-20 00:00:00.000 UTC,1186351.575556,4305337.63596,-3118986.060404,13,49,13,36
2024-08-21 00:00:00.000 UTC,487269.38517299993,5875228.382053001,-5387958.99688,15,42,15,34
2024-08-22 00:00:00.000 UTC,510584.55814700003,1157881.0789080001,-647296.5207610001,28,46,17,38
2024-08-23 00:00:00.000 UTC,2054621.004154,8647644.070914999,-6593023.066760998,19,78,14,41
2024-08-24 00:00:00.000 UTC,809514.734673,666264.146767,143250.5879060001,21,43,18,28
2024-08-25 00:00:00.000 UTC,307944.91698700003,1385579.2996470002,-1077634.3826600001,14,30,11,20
2024-08-26 00:00:00.000 UTC,1969524.255702,1900833.482186,68690.77351600002,31,49,24,35
2024-08-27 00:00:00.000 UTC,12020948.660611002,6459694.030947999,5561254.629663003,59,56,31,48
2024-08-28 00:00:00.000 UTC,5969477.250728001,4047001.9591010003,1922475.2916270006,37,51,18,41
2024-08-29 00:00:00.000 UTC,3206789.16892,912526.3467529999,2294262.8221670003,21,43,13,39
2024-08-30 00:00:00.000 UTC,2546480.220478,1260812.8332480001,1285667.38723,36,40,21,30
2024-08-31 00:00:00.000 UTC,4781510.664181001,401702.54050400003,4379808.123677,19,24,15,21
2024-09-01 00:00:00.000 UTC,302973.819455,901923.246699,-598949.427244,18,28,16,24
2024-09-02 00:00:00.000 UTC,1217308.9507829999,11491519.979593,-10274211.02881,23,52,19,43
2024-09-03 00:00:00.000 UTC,594568.5381669999,6000292.158167,-5405723.62,21,64,20,55
2024-09-04 00:00:00.000 UTC,1591358.128908,2687858.229429,-1096500.100521,33,33,22,26
2024-09-05 00:00:00.000 UTC,260416.593607,2325632.396563,-2065215.802956,19,37,15,29
2024-09-06 00:00:00.000 UTC,2290700.7681770003,5153563.464830999,-2862862.696653999,82,51,57,43
2024-09-07 00:00:00.000 UTC,888529.004202,5427090.792876999,-4538561.788674999,34,37,25,29
2024-09-08 00:00:00.000 UTC,479566.44421000005,430220.877521,49345.56668900006,12,34,9,21
2024-09-09 00:00:00.000 UTC,208315.66624100003,1458862.7380159996,-1250547.0717749996,19,59,12,46
2024-09-10 00:00:00.000 UTC,135929.551505,3256153.541351,-3120223.989846,10,41,10,37
2024-09-11 00:00:00.000 UTC,132593.208337,5142531.042353,-5009937.834016,18,41,16,31
2024-09-12 00:00:00.000 UTC,1161714.620119,998799.5103199998,162915.10979900032,8,43,6,28
2024-09-13 00:00:00.000 UTC,763588.894003,2003649.4589080003,-1240060.5649050004,24,64,16,35
2024-09-14 00:00:00.000 UTC,9374.857748,11638133.083491,-11628758.225743,7,41,7,26
2024-09-15 00:00:00.000 UTC,398896.47374700004,6202723.8818810005,-5803827.408134,18,34,8,30
2024-09-16 00:00:00.000 UTC,136389.012974,1609949.2630759997,-1473560.2501019996,24,30,11,30
2024-09-17 00:00:00.000 UTC,788651.1420779999,1303337.6051600003,-514686.4630820004,16,42,10,29
2024-09-18 00:00:00.000 UTC,3075865.5799409994,2237394.230371,838471.3495699996,16,36,14,31
2024-09-19 00:00:00.000 UTC,4143978.3735539997,8834900.632319001,-4690922.258765002,15,77,12,54
2024-09-20 00:00:00.000 UTC,8704676.234891001,11899482.804792,-3194806.569900999,20,48,16,38
2024-09-21 00:00:00.000 UTC,97229.73406000002,5057856.730925,-4960626.996865001,5,32,4,29
2024-09-22 00:00:00.000 UTC,2474746.997893,11065847.365617001,-8591100.367724001,12,35,9,26
2024-09-23 00:00:00.000 UTC,2655326.787535,8164117.813261001,-5508791.025726002,33,73,16,51
2024-09-24 00:00:00.000 UTC,11937490.653772,15333223.995855998,-3395733.342083998,23,55,15,35
2024-09-25 00:00:00.000 UTC,6289239.341856,2497377.8800540003,3791861.4618019997,29,40,18,33
2024-09-26 00:00:00.000 UTC,4355313.0557039995,9297492.068165999,-4942179.012461999,25,46,18,38
2024-09-27 00:00:00.000 UTC,7588728.330517,7738505.915349,-149777.58483200055,40,56,26,43
2024-09-28 00:00:00.000 UTC,4486495.623116,1379606.527104,3106889.0960119995,19,41,18,29
2024-09-29 00:00:00.000 UTC,1306968.978959,1504737.898056,-197768.91909700003,13,35,12,31
2024-09-30 00:00:00.000 UTC,31685897.690769996,29819404.801946003,1866492.8888239935,60,48,47,36
2024-10-01 00:00:00.000 UTC,2983661.202327,5632847.509818999,-2649186.307491999,43,60,25,40
2024-10-02 00:00:00.000 UTC,11466535.102614002,4834710.261905001,6631824.840709002,33,38,25,34
2024-10-03 00:00:00.000 UTC,3065563.2867940003,5866904.771120999,-2801341.4843269987,27,55,20,43
2024-10-04 00:00:00.000 UTC,3837773.171047,8401875.898531,-4564102.727483999,22,42,16,35
2024-10-05 00:00:00.000 UTC,4363439.516865999,1442596.3962420002,2920843.1206239993,16,29,11,24
2024-10-06 00:00:00.000 UTC,610217.887676,2801888.3506400003,-2191670.462964,21,32,11,27
2024-10-07 00:00:00.000 UTC,7721057.311554,7110874.051919,610183.2596349996,29,45,27,33
2024-10-08 00:00:00.000 UTC,1690838.138874,4654524.054171,-2963685.9152969997,22,35,20,30
2024-10-09 00:00:00.000 UTC,4332268.269286999,6377128.495982,-2044860.2266950011,29,33,27,23
2024-10-10 00:00:00.000 UTC,4980625.3620179985,2131296.804296,2849328.5577219985,39,34,26,27
2024-10-11 00:00:00.000 UTC,3600527.987889999,2112927.493784,1487600.494105999,22,20,13,19
2024-10-12 00:00:00.000 UTC,159346.591292,1352439.760905,-1193093.169613,7,18,5,14
2024-10-13 00:00:00.000 UTC,771291.9765689999,1570925.3234130002,-799633.3468440003,14,17,12,15
2024-10-14 00:00:00.000 UTC,6462380.471717,6347554.6858250005,114825.78589199949,19,47,15,34
2024-10-15 00:00:00.000 UTC,6969558.1128010005,5372336.067882,1597222.044919001,24,49,18,41
2024-10-16 00:00:00.000 UTC,11452017.992873998,8247639.311263,3204378.6816109987,34,40,25,36
2024-10-17 00:00:00.000 UTC,7118712.351003,12717090.351499002,-5598378.000496003,24,35,17,32
2024-10-18 00:00:00.000 UTC,11695169.594432,2396691.171039,9298478.423393,17,34,14,30
2024-10-19 00:00:00.000 UTC,4359517.101462,8948215.014467,-4588697.913004999,15,25,12,22
2024-10-20 00:00:00.000 UTC,99812.40458100001,2444349.363826,-2344536.959245,11,32,9,24
2024-10-21 00:00:00.000 UTC,2680115.521769,2589457.3934870004,90658.12828199985,61,56,13,46
2024-10-22 00:00:00.000 UTC,17904184.118171997,4494886.221827,13409297.896344997,56,40,48,35
2024-10-23 00:00:00.000 UTC,3873740.6336859995,11121610.361350998,-7247869.727664999,34,58,24,43
2024-10-24 00:00:00.000 UTC,8396028.944459,11879156.431454001,-3483127.4869950004,23,53,20,39
2024-10-25 00:00:00.000 UTC,10583884.430524,18463577.428120002,-7879692.997596001,50,50,33,40
2024-10-26 00:00:00.000 UTC,23792129.478275996,17870500.355100002,5921629.123175994,38,40,31,31
2024-10-27 00:00:00.000 UTC,5438215.498787001,4041510.683336,1396704.8154510008,25,23,22,18
2024-10-28 00:00:00.000 UTC,4686339.366876999,6120236.806213,-1433897.439336001,32,45,27,38
2024-10-29 00:00:00.000 UTC,7894640.082286999,9654323.348997999,-1759683.2667110004,45,86,40,62
2024-10-30 00:00:00.000 UTC,7914121.310146999,7002820.0319369985,911301.2782100001,39,48,33,35
2024-10-31 00:00:00.000 UTC,8135667.025839001,12987680.983885,-4852013.958045999,45,55,39,42
2024-11-01 00:00:00.000 UTC,9005693.633918,5062693.572891001,3943000.0610269997,37,49,30,39
2024-11-02 00:00:00.000 UTC,4486825.216714,2637652.8710459997,1849172.3456680006,42,40,31,31
2024-11-03 00:00:00.000 UTC,11017092.417612,6815070.255693,4202022.161919,35,54,26,40
2024-11-04 00:00:00.000 UTC,3057920.349101,4907311.919935,-1849391.5708340001,19,55,15,37
2024-11-05 00:00:00.000 UTC,6097921.767775002,5032821.842401001,1065099.9253740013,42,59,25,43
2024-11-06 00:00:00.000 UTC,11256021.230124,17310260.609683998,-6054239.3795599975,48,121,35,73
2024-11-07 00:00:00.000 UTC,13386916.279505,13858163.387231998,-471247.1077269986,58,116,40,75
2024-11-08 00:00:00.000 UTC,12481924.902827,4177224.091863,8304700.810964,36,99,30,71
2024-11-09 00:00:00.000 UTC,3234156.934873,6757278.449421999,-3523121.5145489993,26,87,16,57
2024-11-10 00:00:00.000 UTC,6377977.799593001,9299519.919751998,-2921542.1201589974,56,138,29,88
2024-11-11 00:00:00.000 UTC,9332397.925060997,13735748.545259003,-4403350.620198006,50,130,37,93
2024-11-12 00:00:00.000 UTC,10307993.547994,12591239.921835998,-2283246.3738419972,54,100,43,76
2024-11-13 00:00:00.000 UTC,7888085.823147998,6673729.038385999,1214356.7847619988,55,82,43,60
2024-11-14 00:00:00.000 UTC,8728912.34715,3030796.3103279998,5698116.0368220005,34,54,26,41
2024-11-15 00:00:00.000 UTC,4669523.103781999,4407765.71608,261757.3877019994,30,57,24,49
2024-11-16 00:00:00.000 UTC,2908943.664944001,4875387.1781319985,-1966443.5131879975,29,63,24,49
2024-11-17 00:00:00.000 UTC,2946452.1113940007,4348965.013991999,-1402512.9025979987,35,57,29,50
2024-11-18 00:00:00.000 UTC,3807693.525738,2245043.857762,1562649.6679759999,25,49,24,40
2024-11-19 00:00:00.000 UTC,8852012.653347,5146824.073644,3705188.5797030004,34,60,26,52
2024-11-20 00:00:00.000 UTC,32012792.576476995,26405951.183471,5606841.393005993,40,80,33,62
2024-11-21 00:00:00.000 UTC,7263754.771797,24062221.462877993,-16798466.69108099,45,100,32,68
2024-11-22 00:00:00.000 UTC,14553824.001032,10155641.93618,4398182.064852001,84,94,46,61
2024-11-23 00:00:00.000 UTC,9155359.113958,11387242.400587,-2231883.2866290007,61,79,41,62
2024-11-24 00:00:00.000 UTC,10946346.365493998,3859535.4336209996,7086810.931872998,50,45,37,40
2024-11-25 00:00:00.000 UTC,5669984.929273001,4612053.271906001,1057931.6573670004,61,84,32,67
2024-11-26 00:00:00.000 UTC,9094503.335065,12222705.643466001,-3128202.3084010016,49,76,35,53
2024-11-27 00:00:00.000 UTC,10125646.467048,11140679.782490002,-1015033.3154420014,41,94,32,71
2024-11-28 00:00:00.000 UTC,3517924.3799809995,2196425.5029269997,1321498.8770539998,36,53,31,41
2024-11-29 00:00:00.000 UTC,8530222.201228999,15333502.723085001,-6803280.5218560025,55,57,43,48
2024-11-30 00:00:00.000 UTC,16081141.503991002,6978582.264116,9102559.239875002,52,91,33,71
2024-12-01 00:00:00.000 UTC,3992985.201452,2281929.725358,1711055.476094,33,52,30,43
2024-12-02 00:00:00.000 UTC,2392156.461076,19531195.553214,-17139039.092138,45,78,28,50
2024-12-03 00:00:00.000 UTC,23732547.092607997,12648599.416929001,11083947.675678996,56,69,43,47
2024-12-04 00:00:00.000 UTC,7387163.682063,5217738.325146999,2169425.356916001,55,58,43,49
2024-12-05 00:00:00.000 UTC,16984470.843409,22069057.648143,-5084586.804733999,62,122,42,85
2024-12-06 00:00:00.000 UTC,19172627.524403,15668466.366612002,3504161.157790996,64,87,47,70
2024-12-07 00:00:00.000 UTC,25119895.057217002,13165405.698556999,11954489.358660003,37,61,31,45
2024-12-08 00:00:00.000 UTC,10786381.563288998,24252082.362265002,-13465700.798976004,41,54,32,47
2024-12-09 00:00:00.000 UTC,23670428.164076995,15679371.304593,7991056.859483995,64,73,38,49
2024-12-10 00:00:00.000 UTC,8110715.690862001,18998109.803822003,-10887394.112960003,67,93,47,67
2024-12-11 00:00:00.000 UTC,16541143.883517,14990767.325009996,1550376.5585070048,58,73,41,50
2024-12-12 00:00:00.000 UTC,8153364.9036340015,7139486.350826999,1013878.5528070023,57,97,40,61
2024-12-13 00:00:00.000 UTC,10508628.153051998,6831736.760042001,3676891.393009998,44,78,32,54
2024-12-14 00:00:00.000 UTC,17887962.238652,14576119.086878998,3311843.151773,25,62,21,48
2024-12-15 00:00:00.000 UTC,4390425.300230001,9419421.28876,-5028995.98853,32,68,27,50
2024-12-16 00:00:00.000 UTC,10245574.886656,9407997.450759,837577.4358970001,53,78,42,56
2024-12-17 00:00:00.000 UTC,9434956.253904,11892156.548434997,-2457200.294530997,44,66,34,59
2024-12-18 00:00:00.000 UTC,14635547.784123002,8382036.108058,6253511.676065002,62,80,41,56
2024-12-19 00:00:00.000 UTC,20287389.600679,21109761.878181998,-822372.2775029987,86,127,56,87
2024-12-20 00:00:00.000 UTC,24001694.377723,19130874.902689993,4870819.475033008,141,173,63,95
2024-12-21 00:00:00.000 UTC,5169235.579572,7521366.503055002,-2352130.923483002,42,87,24,54
2024-12-22 00:00:00.000 UTC,1970373.149702,6582507.873645,-4612134.723943001,28,44,22,37
2024-12-23 00:00:00.000 UTC,4550860.322567001,7518042.210826001,-2967181.888259,46,82,33,49
2024-12-24 00:00:00.000 UTC,4732242.912294,3236131.649314,1496111.2629800006,42,76,22,50
2024-12-25 00:00:00.000 UTC,8586544.915521,7040288.719411002,1546256.196109998,22,47,17,33
2024-12-26 00:00:00.000 UTC,8643655.312824002,11146771.768039,-2503116.4552149978,42,51,27,35
2024-12-27 00:00:00.000 UTC,4857240.138420001,2287950.388852,2569289.749568001,35,48,31,35
2024-12-28 00:00:00.000 UTC,8150129.421666,3956022.463474001,4194106.9581919992,27,54,19,38
2024-12-29 00:00:00.000 UTC,2450070.593409,5687244.178557,-3237173.585148,28,33,21,29
2024-12-30 00:00:00.000 UTC,2533816.8279999997,3713873.772012,-1180056.9440120002,43,87,24,55
2024-12-31 00:00:00.000 UTC,4062314.8545759995,2716618.2399420002,1345696.6146339993,46,47,33,37
2025-01-01 00:00:00.000 UTC,2433333.7768350006,1059407.752743,1373926.0240920007,19,28,18,23
2025-01-02 00:00:00.000 UTC,3146732.880202,4388193.469774,-1241460.5895720003,38,68,25,47
2025-01-03 00:00:00.000 UTC,13264697.020675002,9969963.771721,3294733.248954002,42,100,29,51
2025-01-04 00:00:00.000 UTC,1870555.3212099995,7047408.859799,-5176853.538589001,36,81,23,51
2025-01-05 00:00:00.000 UTC,2842918.2602509996,4789388.696800999,-1946470.4365499998,39,41,30,30
2025-01-06 00:00:00.000 UTC,10759762.563465,7489206.250369002,3270556.313095997,55,105,38,50
2025-01-07 00:00:00.000 UTC,13253965.378287002,5846352.713299999,7407612.664987003,57,46,35,38
2025-01-08 00:00:00.000 UTC,23990133.8623,23222173.193831008,767960.6684689932,97,146,37,54
2025-01-09 00:00:00.000 UTC,8851167.111307997,6083334.915341002,2767832.1959669953,64,86,32,42
2025-01-10 00:00:00.000 UTC,7019287.860842001,9353231.847865,-2333943.9870229997,31,57,26,39
2025-01-11 00:00:00.000 UTC,4048973.5354739996,5567497.40032,-1518523.8648460004,33,53,26,32
2025-01-12 00:00:00.000 UTC,4733023.199028,5148568.430282,-415545.2312540002,17,50,8,36
2025-01-13 00:00:00.000 UTC,17187197.863144007,26490657.185878996,-9303459.32273499,114,101,56,50
2025-01-14 00:00:00.000 UTC,10094845.581986,16389869.102167003,-6295023.520181002,32,114,16,66
2025-01-15 00:00:00.000 UTC,17059851.807578005,21852439.891888,-4792588.084309995,63,140,34,68
2025-01-16 00:00:00.000 UTC,9564170.598399,15102861.121546,-5538690.523147,65,105,45,55
2025-01-17 00:00:00.000 UTC,13593079.298538998,6855638.140261,6737441.158277998,52,107,38,56
2025-01-18 00:00:00.000 UTC,6509509.487501999,9954289.640031,-3444780.1525290012,49,92,29,55
2025-01-19 00:00:00.000 UTC,18073272.846886992,17828852.243843,244420.60304399207,80,129,31,54
2025-01-20 00:00:00.000 UTC,11895227.980164995,13078485.598402001,-1183257.6182370055,88,102,38,53
2025-01-21 00:00:00.000 UTC,9585040.449963,8436292.527330998,1148747.9226320013,62,66,38,44
2025-01-22 00:00:00.000 UTC,6991062.9720830005,4612965.223483,2378097.7486000005,50,65,29,37
2025-01-23 00:00:00.000 UTC,24719552.151412994,27230671.981232006,-2511119.8298190124,129,101,56,44
2025-01-24 00:00:00.000 UTC,8721194.803521998,5134884.745317,3586310.0582049983,56,90,41,41
2025-01-25 00:00:00.000 UTC,6939756.907381998,5665196.204654998,1274560.7027270002,86,89,33,40
2025-01-26 00:00:00.000 UTC,3697776.6031230004,2888596.9368750006,809179.6662479998,59,54,31,30
2025-01-27 00:00:00.000 UTC,16345335.087750006,11566577.220716,4778757.867034007,204,143,51,66
2025-01-28 00:00:00.000 UTC,6413535.687605999,12503011.507202003,-6089475.819596004,55,90,35,50
2025-01-29 00:00:00.000 UTC,5311475.192968,8246121.546753999,-2934646.353785999,99,85,41,54
2025-01-30 00:00:00.000 UTC,9207874.903171001,7655483.435937,1552391.4672340006,56,99,35,53
2025-01-31 00:00:00.000 UTC,4643917.976102,6920144.097696998,-2276226.121594998,70,91,43,57
2025-02-01 00:00:00.000 UTC,17891655.204917002,7543544.162312999,10348111.042604003,86,63,45,41
2025-02-02 00:00:00.000 UTC,15608260.385509005,21989666.001846,-6381405.616336996,169,111,61,54
2025-02-03 00:00:00.000 UTC,12887921.955676006,50514024.185529016,-37626102.22985301,186,226,111,136
2025-02-04 00:00:00.000 UTC,6998849.373241998,17069566.890767,-10070717.517525002,100,131,37,62
2025-02-05 00:00:00.000 UTC,2373720.4304470005,12494768.779417003,-10121048.348970002,84,92,31,52
2025-02-06 00:00:00.000 UTC,7481798.466390998,6995953.996794001,485844.4695969969,64,92,37,41
2025-02-07 00:00:00.000 UTC,5231001.771306,12867603.343585,-7636601.572279,59,53,27,35
2025-02-08 00:00:00.000 UTC,2279771.760037,5737021.067439,-3457249.3074020003,48,74,32,40
2025-02-09 00:00:00.000 UTC,1862770.1806870003,2127851.176601,-265080.99591399985,50,62,31,31
2025-02-10 00:00:00.000 UTC,6106596.061056001,4515391.36935,1591204.6917060008,49,51,27,30
2025-02-11 00:00:00.000 UTC,1449928.4632710002,3805211.517540999,-2355283.0542699993,31,69,24,43
2025-02-12 00:00:00.000 UTC,5303855.824832002,2359932.838015,2943922.986817002,58,34,36,28
2025-02-13 00:00:00.000 UTC,3807987.158191,3081036.4650720004,726950.6931189997,26,74,17,46
2025-02-14 00:00:00.000 UTC,4417145.103591999,2256780.206291,2160364.897300999,34,57,26,40
2025-02-15 00:00:00.000 UTC,636841.1145359998,3398928.8628299995,-2762087.7482939996,22,46,15,31
2025-02-16 00:00:00.000 UTC,2490255.977207001,324146.16120000003,2166109.816007001,20,33,16,25
2025-02-17 00:00:00.000 UTC,6833758.872679,4260646.217185999,2573112.6554930005,40,55,27,32
2025-02-18 00:00:00.000 UTC,4581552.921442001,5130910.579581,-549357.6581389988,62,77,33,42
2025-02-19 00:00:00.000 UTC,3980403.2107759984,4223067.691237998,-242664.48046199977,62,56,31,40
2025-02-20 00:00:00.000 UTC,32008457.430937998,1631329.623959,30377127.806978997,32,51,24,42
2025-02-21 00:00:00.000 UTC,10315934.413677994,9399981.606401999,915952.8072759956,62,96,35,63
2025-02-22 00:00:00.000 UTC,3451813.627502,5733264.985822,-2281451.3583199997,44,49,36,37
2025-02-23 00:00:00.000 UTC,9111777.537609002,4414558.603317,4697218.934292002,35,32,23,22
2025-02-24 00:00:00.000 UTC,3138302.878061999,10273355.011143997,-7135052.133081999,65,71,39,41
2025-02-25 00:00:00.000 UTC,35030236.51903899,16826477.954238005,18203758.564800985,163,102,89,73
2025-02-26 00:00:00.000 UTC,8738243.063082999,9380286.402357003,-642043.3392740041,94,93,70,63
2025-02-27 00:00:00.000 UTC,6938292.003131001,40250655.33138901,-33312363.328258008,77,78,42,53
2025-02-28 00:00:00.000 UTC,57013626.07035001,6835523.300041,50178102.770309016,232,151,113,77
2025-03-01 00:00:00.000 UTC,12244706.074260006,2066118.050979,10178588.023281006,66,68,45,46
2025-03-02 00:00:00.000 UTC,6039073.078384999,3002915.423832,3036157.6545529994,62,120,44,78
2025-03-03 00:00:00.000 UTC,6235267.607813,9669329.506127998,-3434061.8983149985,83,99,48,59
2025-03-04 00:00:00.000 UTC,6751417.540082002,4447072.541581,2304344.998501002,107,88,79,56
2025-03-05 00:00:00.000 UTC,10460153.125565,1627141.761903,8833011.363662,46,71,33,45
2025-03-06 00:00:00.000 UTC,1279259.7536310004,4383501.044937,-3104241.2913059993,45,86,25,53
2025-03-07 00:00:00.000 UTC,2663445.9168649996,20010320.316051,-17346874.399186,55,72,38,52
2025-03-08 00:00:00.000 UTC,5733026.485726,2919674.7767340005,2813351.7089919993,63,46,32,29
2025-03-09 00:00:00.000 UTC,5034368.662548003,1882120.5817630002,3152248.0807850026,89,75,53,41
2025-03-10 00:00:00.000 UTC,31988981.834656008,50112716.280386984,-18123734.445730977,203,110,126,62
2025-03-11 00:00:00.000 UTC,9961099.571446007,3964992.5840019993,5996106.987444008,179,123,79,71
2025-03-12 00:00:00.000 UTC,5913327.559269,8384827.915500999,-2471500.3562319996,65,83,40,52
2025-03-13 00:00:00.000 UTC,1882962.21288,552609.873953,1330352.338927,43,53,30,34
2025-03-14 00:00:00.000 UTC,12094324.71988,4361053.049106,7733271.670774,54,53,41,40
2025-03-15 00:00:00.000 UTC,1209773.354928,1715026.7837639998,-505253.4288359999,29,43,25,33
2025-03-16 00:00:00.000 UTC,5474391.71223,911725.40067,4562666.311559999,54,41,30,29
2025-03-17 00:00:00.000 UTC,2175108.0444670003,3852632.9961579996,-1677524.9516909993,54,73,34,51
2025-03-18 00:00:00.000 UTC,2883353.3609270006,14412194.500006001,-11528841.139079,59,64,31,33
2025-03-19 00:00:00.000 UTC,2315642.9312159996,4127450.6586039998,-1811807.727388,48,82,33,53
2025-03-20 00:00:00.000 UTC,5891830.395177,20330197.687765,-14438367.292588,34,61,27,46
2025-03-21 00:00:00.000 UTC,1224203.3985129998,13069174.310738001,-11844970.912225,37,56,22,37
2025-03-22 00:00:00.000 UTC,3050238.2376039997,645318.3451820001,2404919.8924219995,34,28,25,26
2025-03-23 00:00:00.000 UTC,1763688.209105,2870454.830605,-1106766.6215,26,43,21,31
2025-03-24 00:00:00.000 UTC,14820305.56771,6907367.00156,7912938.566149999,55,64,37,48
2025-03-25 00:00:00.000 UTC,3510733.8576089996,3987724.7680599997,-476990.9104510001,45,61,37,45
2025-03-26 00:00:00.000 UTC,11889540.434624,32816031.068694998,-20926490.634071,38,58,30,46
2025-03-27 00:00:00.000 UTC,9689491.162394999,6643916.726384999,3045574.4360099994,37,53,33,44
2025-03-28 00:00:00.000 UTC,13776771.62473,15387650.692875998,-1610879.0681459978,58,65,42,45
2025-03-29 00:00:00.000 UTC,31423726.47709201,907843.573433,30515882.90365901,41,41,29,27
2025-03-30 00:00:00.000 UTC,5231121.003312998,4675149.588504,555971.4148089988,50,45,35,34
2025-03-31 00:00:00.000 UTC,12026092.919341002,7928787.675880998,4097305.2434600033,86,72,47,48
2025-04-01 00:00:00.000 UTC,25582775.639446992,22677637.751831003,2905137.88761599,58,75,46,52
2025-04-02 00:00:00.000 UTC,2709350.7977050003,9943330.809473002,-7233980.011768002,40,72,30,52
2025-04-03 00:00:00.000 UTC,8272290.385669996,6341157.845715,1931132.5399549957,64,85,46,55
2025-04-04 00:00:00.000 UTC,25892796.358747996,6997750.887886,18895045.470861997,40,61,28,48
2025-04-05 00:00:00.000 UTC,18378465.700157005,15264870.996947998,3113594.703209007,22,31,18,30
2025-04-06 00:00:00.000 UTC,4285479.500889999,2033696.433743,2251783.067146999,127,61,91,52
2025-04-07 00:00:00.000 UTC,13058130.011893,25764119.983415995,-12705989.971522994,171,132,115,99
2025-04-08 00:00:00.000 UTC,3263174.025164,33871205.11123501,-30608031.086071007,92,67,69,55
2025-04-09 00:00:00.000 UTC,22578485.622672997,16634105.283279002,5944380.339393996,85,112,61,65
2025-04-10 00:00:00.000 UTC,1508005.0550180003,21180649.156772003,-19672644.101754002,57,69,38,59
2025-04-11 00:00:00.000 UTC,1475511.4323599997,8528211.677649,-7052700.245289001,29,52,28,48
2025-04-12 00:00:00.000 UTC,745884.954128,4697634.2629970005,-3951749.3088690005,27,37,22,31
2025-04-13 00:00:00.000 UTC,1716923.425502,1414870.964053,302052.4614489998,26,39,17,32
2025-04-14 00:00:00.000 UTC,7472656.716569999,18587431.363971002,-11114774.647401003,22,60,20,45
2025-04-15 00:00:00.000 UTC,57980849.069919,4690874.037205,53289975.032713994,39,64,34,43
2025-04-16 00:00:00.000 UTC,13735558.866848001,7704175.160765999,6031383.706082002,42,88,24,46
2025-04-17 00:00:00.000 UTC,14820876.259446004,34910089.23900399,-20089212.97955799,57,48,27,27
2025-04-18 00:00:00.000 UTC,4861857.884792999,5504696.361406001,-642838.4766130019,30,50,23,37
2025-04-19 00:00:00.000 UTC,425533.5222780001,536403.584758,-110870.0624799999,21,30,12,18
2025-04-20 00:00:00.000 UTC,8704319.105726,8475906.243055,228412.86267099902,36,41,24,24
2025-04-21 00:00:00.000 UTC,8124388.361497999,11009009.656676998,-2884621.295178999,48,91,24,46
2025-04-22 00:00:00.000 UTC,3644007.6808099994,11908843.490827998,-8264835.810017999,60,142,31,77
2025-04-23 00:00:00.000 UTC,1205038.202327,3610480.3076499994,-2405442.1053229994,34,79,28,50
2025-04-24 00:00:00.000 UTC,23873210.131371003,6296688.51032,17576521.621051002,32,90,30,42
2025-04-25 00:00:00.000 UTC,4482643.731989,31310568.279208,-26827924.547219,43,93,33,54
2025-04-26 00:00:00.000 UTC,344633.4881340001,2664013.8842559997,-2319380.3961219997,32,53,20,37
2025-04-27 00:00:00.000 UTC,1841698.3478470005,1933660.4343840003,-91962.08653699979,38,45,26,35
2025-04-28 00:00:00.000 UTC,4339152.779785,2595304.7146550007,1743848.065129999,30,74,23,55
2025-04-29 00:00:00.000 UTC,16950573.638237,1718647.164069,15231926.474167999,36,54,29,35
2025-04-30 00:00:00.000 UTC,8219969.855252998,12541994.719457002,-4322024.864204004,34,101,26,55
2025-05-01 00:00:00.000 UTC,1484145.4058399994,4258689.798880999,-2774544.393041,42,105,28,54
2025-05-02 00:00:00.000 UTC,1629141.8386259999,2882093.3853010004,-1252951.5466750006,32,64,23,44
2025-05-03 00:00:00.000 UTC,1936832.9357340003,2063939.9039399996,-127106.96820599935,27,47,20,32
2025-05-04 00:00:00.000 UTC,505332.40212399996,4340824.286927,-3835491.884803,30,53,18,30
2025-05-05 00:00:00.000 UTC,18348962.215719003,21984403.67651701,-3635441.4607980065,54,63,32,35
2025-05-06 00:00:00.000 UTC,2650282.177808,6174391.315941,-3524109.1381330006,39,59,27,47
2025-05-07 00:00:00.000 UTC,741983.930655,4921233.852703,-4179249.9220480006,38,54,26,42
2025-05-08 00:00:00.000 UTC,22162385.81862401,1449112.5132019997,20713273.305422008,58,104,38,57
2025-05-09 00:00:00.000 UTC,1461130.6713850002,9838337.622420002,-8377206.951035001,35,123,23,82
2025-05-10 00:00:00.000 UTC,3266960.3165109996,25005649.723941,-21738689.40743,47,113,25,70
2025-05-11 00:00:00.000 UTC,859310.4497280001,12221488.223026998,-11362177.773298997,24,85,21,57
2025-05-12 00:00:00.000 UTC,3224829.8383130007,7586725.367311,-4361895.528997999,35,102,23,71
2025-05-13 00:00:00.000 UTC,3750873.5248830006,13053118.720426003,-9302245.195543002,56,94,22,68
2025-05-14 00:00:00.000 UTC,1195692.3982870001,3095670.0214689993,-1899977.6231819992,27,59,23,46
2025-05-15 00:00:00.000 UTC,10083296.758566,5503654.965112998,4579641.793453001,34,73,23,55
2025-05-16 00:00:00.000 UTC,2128905.719218,4952970.340855999,-2824064.621637999,40,80,22,56
2025-05-17 00:00:00.000 UTC,2976673.9321850003,4005127.877922001,-1028453.9457370006,48,47,33,33
2025-05-18 00:00:00.000 UTC,520181.739603,9204286.079075001,-8684104.339472001,33,66,15,42
2025-05-19 00:00:00.000 UTC,1475990.1355980001,3000970.94978,-1524980.8141819998,40,59,20,35
2025-05-20 00:00:00.000 UTC,6970506.185939,4202038.587847,2768467.598092,27,77,14,48
2025-05-21 00:00:00.000 UTC,18323323.383746997,22282507.506167002,-3959184.1224200055,50,68,34,49
