owner,bal0,tx_sent_count,wallet_age_days,ran,first_wd_hours,wd_win
0x638e9ad05dbd35b1c19df3a4eaa0642a3b90a2ad,39674317.400894,0,,0,,0
0x28a55c4b4f9615fde3cdaddf6cc01fcf2e38a6b0,25840644.844796,9875,938,1,21,25976379.959734
0xa2a0be8c7b9786d58cc1d3cdcfd27b351244281e,25000020,2,18,0,,0
0xbe44707d49cd8362788bd06f107a8dc47fa2ac09,20000000,2,18,0,,0
0xfc782b46682de0c0d668074d8a476ad4d5e45d0e,10000000,3,18,0,,0
0x78d7df2543b97cba737401e4c274f44103a1f416,5600000,4,18,0,,0
0xba5c4adc5331729e107fefd422753a294a5549c4,4300000,148,700,1,54,4315522.707791
0x6914fc70fac4cab20a8922e900c4ba57feecf8e1,4000000,2879,604,1,49,4004402.284861
0xa2dfaea03bf2140cab99e3de9f23f568c850b76a,3999945.265742,56,395,1,52,4019048.969009
0x58c30b3bd434b5acdbe51f6bc13032659064fe4b,3600000,224,894,1,47,3608606.57573
0xc397d4677d0fe3d5c55c017b6a1e2c5162f7de32,3000000,0,,1,43,3000703.052685
0x30485556753a449321d950cf8a4e7b6c1d3ce0aa,2803908.651151,35,888,0,,0
0x8d5a603ee20b437a872f55f2380ffc907ad241cd,2725000,0,,0,,0
0x135a5c5f76beaf0c98c9d90079341d3c1a1c8098,2223402.071814,8,250,0,,0
0x1f3659d89fc2d7eeed3699f5f23445f8e5e427d9,2178000,19,438,0,,0
0xe14dc1c13027b41c9f256bdf5524f5fa08cc3bb5,2010062.8421280012,369,267,1,20,2000604.2389770001
0x5deb8b6f0147be8e6128cbb9a58c2ccb506ff58b,1989746.4633140005,64,209,1,35,2000657.663491
0xdbc0e13881380a87569bb6e851e4ca0623f3fe14,1883694.1193090002,259,463,1,47,1897424.405921
0xb424e82115888d84767ad662e2bad5c8bc582a44,1473322.163,0,,0,,0
0x067306591dcdc297fd757596c408f17188e2dde0,1437858.0017069997,37,466,0,,0
0xc4dd8e820ff8794301c67a74f4cd024676356532,1420000,1302,2036,1,48,1423809.747151
0x889502cab866389d64063542d14edff744dea857,1365046.29853,60,349,0,,0
0x9a2642039e9b323e702eba1c2069a73fa602746d,1291312.9588049995,216,289,0,,0
0xebeb55e2894cf2e284f76956c3089cd8d1f90fe2,1264355.134875,13,176,0,,0
0xc42973b5496d6767ccfadd8612a3a12d4843a912,1211855.8178710002,191,965,0,,0
0x4855aecf5e4779156789e81f81591a4ac376e202,1199830.379281,76,1786,1,107,1801249.016134
0x061049747ca54631d0be813f1b9d2db4fcd8441c,1168744.631587,19,200,0,,0
0x404c37c74fc1303d96e0946985a16d2663303771,1094855,22,165,1,32,1816
0x700a3abd3239db7a35b3b914d35f43ca65a52314,1021145.886004,10,175,1,32,1030119.269347
0xd372d1f55763739405097448efeb1f39de316757,1004390.529103,4,107,1,58,1007147.678409
0x4a44bdc4b6b8b0ffbac1fa3d8814da59402d9978,1000236.982301,12,150,0,,0
0xda09241192800b94f13b469774b3469446aea827,1000236.312302,11,150,0,,0
0x814185bb33e787a638dfb27f551cf70333fb6412,1000000,917,1273,1,49,1005599.944715
0x4a979fb4f12e1a1da7fea06102ffe7b71f04fbba,1000000,9,513,1,44,1005251.505872
0xa8dd6149d4eeed24959a11b8566622d0eabeb31b,999943.992649,3,95,0,,0
0xaa86b857647d7e67aa0fb8ac527b5d9ad395a9ac,999783.496322,6,100,0,,0
0xebb2058169f12bbbb27891938a0b891e47b312b4,999752.817675,5,100,0,,0
0x99980d92ebf8ce7e8d9ded4c59391b6e22bd4a5d,980632.6838690001,19,178,1,44,1001910.94691
0xe64c85059f9560fd475cc4d3dde881334917d4eb,974748.11759,283,936,1,65,67800
0xc447d996d32f278b13c3740310cde694b1ba2d8d,795000,53,303,1,42,801347.378601
0xc5d72d1ae1e460a8804489326985345ca060db5b,770712.4358,21,100,1,48,774219.453595
0xb0b0f6f13a5158eb67724282f586a552e75b5728,768000.0005339999,1374,728,0,,0
0x5a600034fc97b13b01c7229e869071ca929ad896,750000,22,1169,1,51,751219.993323
0xd93495ceabc7a02ff39cf3097a33e25bca224b23,678289.3349179998,9,150,0,,0
0x9c85ecdae5b824567a143ca4f825d787f9bd6ffd,650000,9,223,0,,0
0x9a46c0932c1fca8e06874bb4f9e0f2fd276cfa5a,607663.495832,17,115,0,,0
0xa895f5e48e91bd314ab146bd235b4345f657f497,587000,29,392,1,51,588024.384506
0x4c6cbd6ec37f928d3ef6aa0fa8abfd9a92c61936,555763.296644,2,166,0,,0
0xe19f02b6446e7f855c03333772208bea613ee552,524980.221974,2,0,1,55,785066.155573
0x346100378e0c0edeaafecdd861e12b656eedddc0,500057.58533800003,5,51,1,56,501586.12923
0x9feef5f51fdb694374e3d7bb3a8330631d298bfa,500016.605325,1134,394,1,54,500662.162434
0x1d3add22363370b56a73888a84e6f8d64c55b26a,500000,6,24,1,15,500672.8547
0x3204f526a7ca628a3b2e8c272ff0e24f92511fc6,500000,658,709,0,,0
0x0cdf071dec3f9c652e25c847970a39af3e3c2e6f,500000,42,470,1,50,500587.914741
0x73a5dea042aeb13e9e9f81246281173f3ae3b0c3,498526.694147,21,376,0,,0
0xbc8dafeaca658ae0857c80d8aa6de4d487577c63,490040.10650500003,2441,1758,1,55,491921.397467
0x8c81ce5a6f4e1074b080979e31f667721b3b3e0b,489854.62,4,51,1,55,491407.997484
0x9b0c19000a8631c1f555bb365bde308384e4f2ff,471471.615305,3084,1392,1,46,476831.650019
0xfa0dce8280fcdf369a4cbfc1830d3302789307a6,434133.6621099999,275,819,1,126,219582
0x594fcf750721300618679303b78ad4ca8f0bd055,350000,9,64,1,114,1100000
0x479bb9de1055f7fa478e79b8034d6afae44ca9f4,332265.45388,16,116,0,,0
0xd929f314d29bcae2a6b04c170a062c8005673257,329691.748214,7,99,0,,0
0x01c8a4a164952e9ae6316ee55b3f0a46091a1d63,317780.941108,92,838,0,,0
0xa151776ef17740a435805e1367019518e16ce0dc,311687.410419,18,340,1,49,312708.400792
0xe027529a06292deff5a55a8d1c7f68d5efe8116e,298234.173232,39,261,1,43,300223.672309
0x03d4be4c2e099c5eb76c2ce926f0cd6ce1c188be,281237.961502,50,836,0,,0
0xe6a632ed648f1f86c7cd786c2e9d2d4113b6bd7a,263956.112272,396,955,0,,0
0xa931b486f661540c6d709ae6dfc8bcef347ea437,263000,215,174,1,57,263839.176016
0x023010bd0339f933fa4fcdd89fb53a4922b5ed63,254762.54542799992,472,840,0,,0
0x8a26ec0065cb68aac898d588d82f90d6bddc3577,250000,12,143,1,45,251839.804743
0xf07038d968b4a10fecb9142846f2c2d9df3a6ebb,230000,617,892,1,7,230327.013901
0xc4dac69b2b0984690450b933f5053fdda09965b5,221900.16667900002,105,765,1,98,223995.798554
0x13f0b3e3351ff54ba8daf733167436d46cba8623,218147.923568,149,885,0,,0
0x3592e6ecb531d742994762d1bc4c678e435926c7,203447.024759,25,742,0,,0
0x654fc3a347f55df6838d3c8731ed72bd274ff8a6,200000,7,69,0,,0
0x299455b3019d5a09c8a61c94cf32f464a0c92da6,200000,16,746,0,,0
0x9eca2af1fc96f7f1b25cc907e413b1cdf60f0953,199996.8,2,97,1,63,201026.733585
0x94d572eee1597351506ebf40a3e5a953f3a324f5,199996.45,2,39,0,,0
0x6640f1c6f59959b5dc85677465badf2b5f9141e8,199550,13,69,0,,0
0x6edfc4a634e57e8939049b8c914fbef1e425bd45,197681.61608100007,73,241,1,53,1500343.690369
0x4af7d85a133eceb3eb714d4f010ac2e2868365d4,177539.75146499998,294,620,1,91,10000
0xbd0eee2f4e76056e59256a9a9f4d1e4f0fc3fd2a,174000.000008,5,32,0,,0
0x227e93bc160fc34f1f31500dbf83619c6147aedb,168388.0938399993,417,235,0,,0
0x846bcc1354aff98f128809077d706bf234241194,166545.56652800002,60,218,1,49,167399.286747
0xf7257a5691dbb58c0abed56602ed571474984a1a,161256.170822,22,298,1,48,162184.739904
0x256bbb6c87772071caae1c615f37735150ba8245,151150.684541,13,39,1,79,151529.160315
0x44157fc26c845a0bdd1f233ccb1f1f46eb99bcbd,150006.217056,24,306,1,55,150221.19602
0x25f2f439fc9d71cc8e497860085f98e29ce47b5e,148491.235699,47,931,1,67,150054.186984
0x582f09e431d249a986269a201ca5087dfe5a4efa,144376.976843,0,,1,59,154960.351
0xf5f58593d022494a1e724babb87906535ffa6e44,141700.995605,15,123,0,,0
0x4a0880e040837b1c2b3f3589f3570c3b20dce271,140000,3,116,1,49,140659.704011
0xa5f85b7bb0e3ff419cf0c6a852accd49265c5e45,124642.567767,139,755,1,54,125549.102313
0x72bcde018f36d8143710e5998587e3c946739c1f,119000,17,182,0,,0
0x74f3be2367374206f514100c0c8933dd5d363ccc,110000,26,488,1,90,110596.484237
0x1dc30adbb46b60dab0f321662c6565f3db044588,100000,2,12,0,,0
0xdba26a609737440456a54c2eeb6feffc4399d986,100000,24,406,0,,0
0x3495d06f7385ee5c42f0b755b12f67cf5f73708f,99599.62540000002,157,994,1,57,100023.416493
0x512bfd4cce8c551cdda756a1da801f0644356045,99585.99090700001,8,162,1,36,99934.131025
0x2fad813992ed920cad548f34dfa147e1b7a59198,95000,140,462,0,,0
0x20e6a22a14ae89964ab72b57d5f5ad9b601387ea,86672.864997,75,822,1,92,87521.427113
0x169ee44a13025bc455abde04b0725bbe84bc7a2a,80500,477,412,0,,0
0x46d13d72db5d05bd2671312e321867ab8b30d9f6,80000,13,30,1,57,80142.060142
0xf87664818adeaf179f82b7a9c6ba4520d7ded499,75162.777932,12,115,0,,0
0xdfd303f669ae1e263ce7d92ae2ac7f6e67b5dd06,71279,5,252,0,,0
0x83b4550c9c53e0230b9d03b884f1ee43733c883f,70000,29,291,1,50,70241.675856
0xa2b6590a6dc916fe317dcab169a18a5b87a5c3d5,65001,0,,0,,0
0xabbbb02372046208afc4b0cfe0dbcdc5a5c6b4ee,60000,71,398,1,61,60204.53433
0x40e98c55bada2986f58b8f02d4012ccda38010f0,59953.420622,12,81,0,,0
0x1a76ef3fc04af5012e608f0570e8666428cf6469,54272.967534,20,1314,0,,0
0x32c9d68bc8c2fdfda26de4e88b3e92091b642859,53659.23855,40,374,1,46,53764.236989
0x8e8192b98a4b1179cd1b5a18536a29d4844a928b,53218.17512,3,208,0,,0
0x7c44eef01a58ffc91f344e20583fe647533fbe04,50339.047444,710,642,0,,0
0x64634403043b1ab21e57bd1f13451ae004a7ac3a,50000,24,97,0,,0
0xdde0adb3b2c5320ff3e6e88efb654e6d7b6aeb01,50000,23,798,1,86,50486.129352
0x2fdaad1da99085f76eb841690857ab51768037bf,50000,26,285,1,58,50422.882888
0x06cdacdc4697912f3a7b752bf8b504b39b9bccdf,50000,8,250,1,68,50119.301318
0xc9621d15737a1fb2202dd989230f7c83a6d37354,50000,71,685,0,,0
0xf7377f2f9d2f8e096d3ea86331b88047331e495f,49499.997952,34,85,1,36,49589.803855
0x0dd46d3cab80d4eec9298fbae9cc6c27edd969c0,48280.952441,0,,0,,0
0x4303c46c71f6e48eaa96ab3f194b79fac082e46a,44848.79129300001,924,2363,1,45,45049.726485
0x3688b712bb6659d64740d55c5b000711e484c4be,44763.377968999994,1002,976,1,55,44874.489441
0x5d06d5bc72faf557939f48377cb774aa097edd91,42372.196918,0,,1,22,5698.564106
0xd8800c9d2e6dbea04735eb295f343ce3c1a76211,40500,13,109,1,37,500
0x0fb94e38e7a34b9e522e753803027ecdc0ef4a02,40000,6,176,0,,0
0x1e7e07e306d8b9e8fde77609744974b66f76f76d,36000,14,148,1,79,36244.596455
0x8f157b9a0cc30c4d5d677984ca778b3ac08896c4,35340.584082,0,,0,,0
0x8ebab0129ffea1145a505d8d6d5d046770dd97e6,35318.482486,3223,1285,0,,0
0x03f1c2cdc2646b4ced7bcf2c4a9824741eb66958,34112.300623999996,279,462,1,62,34165.09609
0x54e35a069ff7916d594c4b7fd404bd7688f589da,34079.739224,1167,640,0,,0
0x1198e9f01a9ef948de6685e074cb61e8c7808784,31964.674309,43,751,0,,0
0x0aa512dd21e10a2fc03cc49f68a6e0ac41fedea9,30791.982097,4,113,0,,0
0xabea0e3e392bac621054303ef195fa54c5b5ca9e,30000,40,399,1,49,30310.316956
0xb1cf4f02e01cf24c4099e82b16c8ede76b52ffb6,29623.79999999999,85,579,0,,0
0xbc8ec3182e5243681a848d2a0fbf10df8ebfe230,29500,197,715,0,,0
0x27cb78b27388083ccb95e214af0e662db08072d0,29395.491513,355,305,1,49,29499.067435
0x91feaeaf87894f951691d32cd469fbd0c2e6f320,27027.390415,42,1768,0,,0
0x829899183ffbe9d71895699ad847f99df12831c1,27000,17,84,0,,0
0xa343749f058b91e713165848dc4eacf994a10177,26403.107516,16,786,0,,0
0x9383972d18b3356b06ef839ff8e4ee4532ef9041,25676.307211,20,363,0,,0
0xd5ff53724c6b8fe007693dcdf1ea454f155cd476,25000,139,818,1,96,25045.605331
0x70a8bd5d01f7a8b99aed8312bd4a8302e6e2fc89,24141.559488,20,69,0,,0
0x59729c1ec6b7b2297f4d2e8aa086c2abffa75037,23791.894873999998,8,67,1,111,23843.596919
0x98cd6cf577e18ba8a3ab56ccbda552e7796555cd,23700.445795,206,978,1,72,23956.798202
0x574053576d2493cb3aa3a482e6e16ea7bb41c6f8,22204,0,,0,,0
0xd244ccda0d873d5b00273f0121ac25d9e80e547a,20000,11,225,0,,0
0x959817a28f6389398562c281093263c15433f04c,20000,0,,1,50,20049.445542
0xecc8ac967d7e62b4fdd2aaaec00b8ff888eb2531,20000,9,170,0,,0
0xf233ccb7960aaf379d19189ab403b1b4ab8bfcc1,19177.932267,146,689,0,,0
0x778ab07337b5f5914042c77f76e998218d4365b2,19144.210868,497,1561,0,,0
0x34fa64e275a2c4a64ccb97701bcdcef8a3e91d60,18088.270146,8,152,1,46,18095.291291
0xa3f1005a922b8f4a8a2a8c3fb881c3c5bbabcdc0,16774.361539000005,58,252,0,,0
0x3f8fa6b9d3aa760ade4ced2282af9fead8615355,16507.750552,4,262,0,,0
0x78aad5dcb0852a2632ec4fc2e1fbeaf9cdf9282a,16000,37,116,1,49,16053.518078
0xdf3b5d3f34df81a4416f1908f6ae1d48b8a8e7ae,15757.211173,9,116,0,,0
0xaae79649901dc0e4a965646f3fa73d8e1b83d4fc,15610.957094,4,266,0,,0
0x0942e68b2e0388f841a6510e3b78a79b60128d90,15006.191773999948,63,348,1,120,3500000
0x195f7660f712654eb67a89e5cdd18e8b95bf1fc6,15000,57,1902,0,,0
0xdd1a45cf294268a286522a93a3b3e26952dbb195,14026.842196,2,23,1,55,14046.579352
0x3007cee9a49793ae53ff8158e362cc0a2073365a,14000,3,25,0,,0
0x6bd263a8ce79750c4f5a4b428dba69f698a0a897,14000,27,171,0,,0
0xf6b40d0dad0d2b28fe7fdc125cb0b5ea92c22da7,13818.06716,0,,0,,0
0xc85ddea578afaf813d39893ae87ddc366db39ef1,12544.054301,20,114,1,112,12569.429904
0xb4f19729014a94732e965ab197a6a7255f190faa,11650.23881,84,903,0,,0
0x15578446b17c0e3a6dbb4d07d990f3bbd1180e95,11500,120,685,0,,0
0x4459b0e57bb7577a164bb5d38680a6edcdee79f4,11200,13,221,1,142,11271.016895
0x90478b3be576ddaec4897817648e3c3d13f39ee0,11000,57,436,1,23,11022.693656
0xf5f0cfaecae5ac5ce5c7379dc9c54a7fd9cee2c8,10300,0,,0,,0
0x76448fa2fae2f80ae88309876d088e7f01323db6,10080.111965,6,107,0,,0
0x3073ac44aa1b95f2fe71bb2eb36b9ce27892f8ee,10027.825669,410,1558,0,,0
0x7d96a6f41fd31c7624f7069415be58b5e3576d34,10000,2086,783,1,51,10108.274233
0x3dc27165f9329afe2d0eb89dd8ed70fcb7473472,10000,366,512,0,,0
0x000e340b4640316d90d611cf0fb9eda6ba93c087,10000,34,469,0,,0
0xb4a35ae53d4d032c5ac113641254c30cb50ddf08,10000,15,33,0,,0
0x58869d7418a0198bd4dac3f3cea9912a1cd09f8f,9968.728886,21,513,0,,0
0x11b50686d3983c14c0d0972a5e46e38e0d9b2e14,9731.131198003888,2841,698,0,,0
0x51187222b8ae99c08f19a1298e5c2ffead0f6cf7,9165.432954,17,997,1,50,9182.250675
0x49ae763ed846db9a69a639732caa320fad1d5799,9042.937794998288,112,415,0,,0
0xb6446ea1e4a1a85fb30496b82eaf8fbad3de7104,9009.32249,40,837,1,79,9035.685842
0xe055301d25e254a1aa014ba8a0ee607389a350d1,8953.913956000004,0,,0,,0
0x3175f8cb88149021e66ac301626f2447f881a6ed,8530.115965,17,300,1,59,8537.364999
0xaed6b31aa3a14b97c8216e3955539fb43c8763b8,8126.727921,35,651,0,,0
0xb81a0e6c38c3fec8a171cfe9631f60127a0c5bfd,8016.480971999932,2690,731,0,,0
0xc6f324f6cfefafbf96c8072463521940b85dcff4,7770,17,607,1,54,7780.767702
0xabb9ac1f97fb9b40a538b41f7f5e3681d4495be5,7305.926222,167,784,0,,0
0xbe7d51b6e11c68b91e2a16e9bdb456180b79171a,7240.609698,29,521,1,46,7257.076975
0xb9f95f11bba01ab375cd2f9b460adc8291af624a,6985.757482,9,228,0,,0
0xcf1347dad4dd90fa73448d191950639c657ff0e2,6541.444677000167,32,473,0,,0
0x51981031399ec301d800aeb7a3f212f07e27ba46,6358.107701,39,659,0,,0
0xf13d87279e272639d32d1b4edee9a71aad15868f,6134.693981,105,1918,0,,0
0x5739cee517442cfcf017eb0ba06ed5bd136155df,6000.000005,1000,592,1,54,6011.185645
0xa39b674e6a89c39d3a8cc01d21e0e16e2dd7238d,5031.75,15,286,0,,0
0xa7a62d5fc2fb13aa2e4f66344686654dbc94fb93,5000,13,212,0,,0
0x61fd0d043d519f5a2bd05785000f30db96809429,5000,18998,819,0,,0
0x6df1e6dc8f9a2f4c25e5d85561e1ee675cd4f885,5000,50,817,0,,0
0x4373380e0c97f61658d763fd2c322d19844f49b4,4940.510885,10,178,0,,0
0x459365ff23f2d51421c3c84057d7b187c3295811,4915.756353,144,1298,0,,0
0x1d787485f43f7720ebf97e2a9bb0f735fe4c404a,4892.779592,27,520,1,53,4906.416512
0x8831c5017b1caf6714aedbdcf2b7363f1ae8b188,4890,22,23,1,44,4896.329331
0x15beb9b52e5bbc45547902a032fd19ee52167282,4709.434489999898,365,654,0,,0
0xa3ba242f405fc8e93a00d50af162f723d7328631,4534.631505000172,0,,1,49,176711.529815
0x91384e96e280797f9cbe28dff2c01e87f972ec4f,4453.181,10,802,0,,0
0x48d6aaefc242078ff5f5fea63e71b98dd5068818,4435.436241,97,1872,0,,0
0xc945552e5e0be5546df0b64ce7ba98af009e0cf9,4200,4,125,0,,0
0x480f72d402a1810a54ba6ca29a43fadb9df994b4,4000,6,386,0,,0
0xfebeea78cd06b1a62fb1d5374d8515678c64d163,3984,86,660,0,,0
0x3cbc3bed185b837d79ba18d36a3859ecbcfc3dc8,3854.3025030000135,979,453,0,,0
0xff32e57ceed15c2e07e03984bba66c220c06b13a,3822.096556,132,766,0,,0
0x4c3bcff150f05246234372f1f407e1386801a7d5,3450.90614700038,27,173,0,,0
0xdb2cfa0793a6062440bd7d6c1dfb45cd6da2f449,3322.28082,30,271,0,,0
0x88b7a44cecd526cd2d424b0a4cc2bbb26341dd8f,3137.8192659998313,5166,2107,0,,0
0xbe81ad8fd494a11ecd2fe25f2d52d731a8cbd7ee,3000,30,538,0,,0
0x7904ca17b51b1aded2a5fdd8271711dc3e92e1fb,2996.883125,29,713,0,,0
0x3f3429d28438cc14133966820b8a9ea61cf1d4f0,2823.5473349997774,683,218,0,,0
0xad5174a9e0888030be4e8b4a7be8abf9fa842cb5,2500,7,111,0,,0
0x63395d2788304f74a8ba80d21ea1697bb4d51671,2499,75,1652,0,,0
0x606420fc17e08ce7d85a5068cede5542c0e47128,2476.760654,222,1378,0,,0
0x37ac1797d4e41f92cc80a43e57ad19478ac544c4,2425.958354,15,153,1,55,2445.238251
0xf6da9e9d73d7893223578d32a95d6d7de5522767,2133.982635000255,306,196,0,,0
0x7eb12f04effc4901d7520e4ebd62de512743feca,2020,710,721,0,,0
0x9d7711db9cdeacb073d689e79c50c648820ac650,2012.5245900000002,532,742,0,,0
0xe2e18ec8d04f625c42840af0a064708347b69673,2006,16,763,0,,0
0x7c4612d66a6510f6f9d9bd361dddb25c45486c56,2000.628296,50,462,0,,0
0x4df60c6f409c88423c1912bcea5309dafaaf96cd,2000.000462,102,912,0,,0
0x20707d089053ac5136a2fa5ca259d057509e19bc,2000,3,70,0,,0
0xd50c46607b8c6aaa03c4cd2506e79a5df2b699bf,2000,249,1741,0,,0
0xca12f1ecc57d00edd0fc190e71bf2ccdb1b493bf,1998.603658,6,69,0,,0
0x75239990776877d0000115b8306961160b3f2d3d,1940.953986,7,113,0,,0
0xedb8d6fed30d2a4db3bbdbecf578609fde491a79,1761.438241,193,410,0,,0
0xc50a66a990bf4ce0ff8b5c4e3b9c35144cfde8fc,1748.1867379999994,65,869,1,47,700
0xc926ddba8b7617dbc65712f20cf8e1b58b8598d3,1741.9130550000118,1194,1915,0,,0
0x145d8c9a4e2f9812812954a2f09c6698aadeb571,1679.590154,31,631,1,51,1697.624285
0x292659de4a3be50b3a454083a7434fe7ced0f678,1500,126,726,0,,0
0x2a3b551ada28441c3b30a71bd9ef35e29b63e356,1448.133199,71,797,0,,0
0x2068d14ee50772dd6e89c6f64f32adad0cc936ef,1150,905,727,0,,0
0xf6f3bc09782d3c0df474eb3cec5cac8423bfedf3,1050.9957770000037,1240,1650,0,,0
0x18cfacd7e0e63ba79a42ba3cc6412b2db07c89f9,1026.781483,98,676,0,,0
0x64285a547a12c462aaae2facb1198b03ff1107d3,1000,442,375,0,,0
0xc1ec4727c0bca380c2750aaa43b0d9fe8644d97a,1000,10,216,0,,0
0x446b3829013f94ea309318e294d8ed7825950e09,1000,281,635,0,,0
0xd84e11bee5d555ccd905817cb8cbbd5b6e6c4f0d,1000,3805,1379,1,122,5001.250526
0x8df391a660d68b84fb3920ce5456123d85219f61,1000,33,234,1,99,1004.313486
0x8014a798ca117e4c44047f5c6cc617bc54296284,1000,617,1377,1,52,1003.175906
0xac345e03221f2bbf79dc1544b3545d0c0a079142,1000,38,262,0,,0
0xf835b9a2a3d15b4320d1e9f3fdba8487b4f546ae,1000,128,157,0,,0
0x383b06b2e0a53e9603e1672ea383e2c7c5744391,1000,0,,1,106,1009.28562
0x6bd60f089b6e8ba75c409a54cdea34aa511277f6,1000,442,528,0,,0
0x358b55d2ac855ae64cd01ab6fdaca77149b98b4e,954.5936109999893,716,709,0,,0
0x9bb4fc55fd64f7f086d98f28da0db53546765fcc,900.223848,31,217,0,,0
0x0672a50d71dc2f4893d957e7a368d6ce7315e1ef,899.7594960000001,0,,0,,0
0xea6363831327cb802bafb4f4746a4e58e5410449,898.388128,2,114,0,,0
0xd9302b9ff329c4be356c435920df50ab4dcc7490,790.2573710000142,11,178,0,,0
0xa8bff2d050cee7b90c1040f17109fc89d2ce1bcb,685.7468930000032,33,340,0,,0
0xfb78db4d7732e29bd6eccebe08b56bd2b32c9aa1,664.4719309999928,81,176,0,,0
0xd8a334f636df76f83661f3deee8fbae2fd10151f,628.8726,12,452,0,,0
0x515491350701b46a54c666d18822fd7e3c44ebd8,618.9385769999935,1017,2146,0,,0
0x308fd47d492cf32d0f504c2a3e82bc25583b455b,616.4570409999869,415,174,0,,0
0x2d361394ea6bf8a3e9cbc0d28c5426ef768a153d,589.973094,5,24,0,,0
0x8ea8212a240306b44efc9383ac1908ea73c55d02,578.2749719999993,65,772,1,47,100000
0x7524abf28bf53c8a85ac8989b254da280bd68b0c,533.731439,13,249,1,64,535.825637
0xe9ed8695fc64fa050d1f7dcc8ad516d86e6c1233,500,106,441,0,,0
0x59ad4311466bc783fa1ae79513d6fc647e98e77a,500,0,,0,,0
0xc99b170515f650234971463378b35d763c2e881e,477.549513,19,126,0,,0
0x94c7c5f905fc888ddc48c51a90b68ddec44f8d8c,458.7963,989,1623,0,,0
0xfd53b1dfcec47b755e96b6dfd99ff3d490e2ed3b,419.997783,13,254,1,40,421.904999
0x76b35da9adf3775602e86caf0bd40f0c7b8a5997,390.8695319999824,13,796,0,,0
0xbe4be177cf558b81eaf7de239747ec2e8e91bc67,382.25,18,89,0,,0
0x490fa7e02fae507a28665733742e623395e83a30,346.183474,44,522,0,,0
0x933258bddd49beeca77f6d1889633c5429af45ea,323.60650300001726,4025,878,0,,0
0xe5350e927b904fdb4d2af55c566e269bb3df1941,317.221875999996,15951,992,0,,0
0x120c7d4ca2c778fa01a367c6edff02d05e0fc649,300,37,412,0,,0
0x6dcbee3552b25bd8d79aa98a6cfd285c2432f55f,300,32,515,0,,0
0x9f9ebce72c0715cdbad4d589986eb22f6782a1ce,295.80722,1832,870,0,,0
0x2c49946a3840505753dddc5e60c23fbd19529c30,283.3890520000132,63,1356,0,,0
0x4f00a16d909e3c9df5b5e7be30b2af0b0e67c5a3,280.54745099972934,222,572,0,,0
0x2d4e1aebf7ce679f8662f8f4c291c2955c3e5264,265.684374000004,0,,0,,0
0x73d8bdee2850f7dc30ade2d09f7156a13737ee1a,250,40,661,0,,0
0x18b1faf3efbef00f3205cf18fb426dfeb276aca5,250,0,,0,,0
0x9452244fcd1acd78ed22776e1f8bcdd63bb0b074,221.98748599999817,553,812,0,,0
0xc75c7ced9c97434c1d94ad846c55ed0984ab8152,221.562749,66,214,0,,0
0x86e6f61f167dfaa53c592124ae642e99adf782ca,221.143628,3,742,0,,0
0x94cb486eb43ba23159a7debac920b0fa7cb476fa,216.25281099998392,59,86,0,,0
0x7224e2887d20c4286f928d43f2c2aeb94bbcd500,211.8710560000036,0,,0,,0
0xc1fcec8e69b38bf8d5ba5bfd807c02ea80fdd2e3,208.90202099999988,144,787,0,,0
0x5a2ebd3ced212acd3d3c72f62d66affc64ccbc4c,207.01456,34,759,0,,0
0x50763add868fd7361178342fc055eaa2b95f6846,200,209,2770,0,,0
0x4fabde849f3d23fb952ec868df6ae0eb97961207,200,121,104,0,,0
0x18c8f1222083997405f2e482338a4650ac02e1d6,200,56,1396,0,,0
0xb7741d42dd12178e0b03efbd1dfa6445f9c53849,200,38,1351,0,,0
0xe464e9b009c0e8adbe9f3d5098e741761988c5d9,200,12,562,0,,0
0x5c1b5e300d2937766dc8d5f99b567884e1afd8b1,200,0,,0,,0
0xa583d8a38ed7150080313c24ed43d28b78a1350e,196.931605,16,123,0,,0
0x7af3edc58487bad40a21b93d90f14453282d8df3,196.64502500000526,1860,934,0,,0
0xfc46430eb1d1b86b1bddd7d3a14bf7bd2d8a6d1b,185.922341,25,824,0,,0
0x97f477a142769715984b58fa5e81822c3e4253ad,180.9734490000119,39,365,0,,0
0x8474c43970481015019819936793ddc210a0050e,180.8234949999969,2591,958,0,,0
0xb2acd3caab07d899ddab548794b16747d4922ca4,175.39170399997965,111,367,0,,0
0xc3b91d7b118f8ba68734693d7077b45ecd5edb55,159.111581,83,968,0,,0
0x086dbcf9d25b476aaba8ae02cea177870d27b64c,157.7112780000025,1443,1960,0,,0
0xba262a49004931bd65f077a045aeef8c5978376b,149.44779600000038,337,942,0,,0
0xcc42586c5f8faadf03bf9a56f21a80b99996fc05,141.342535,55,675,0,,0
0xa358265418d72e0a37bbcb7cb2dbedde854ad70d,136.032928,19,239,0,,0
0xe33da8166bf19b1119ce88ac183bbf9dd64a4afc,124.742805,3,123,0,,0
0x7f1c6e55c5bec9a47a3a7f4c17d2d31d38ddc2aa,124.22475599999962,505,950,0,,0
0x00cd2ff07447e2372549ac54fba8548bef968687,121.36329000000842,137,155,0,,0
0x21fa0dc73bf77fc728377da39401bb58caf45364,120,82,348,0,,0
0xabcb83117c875419ab026d65b9a37978c6a87427,120,99,426,0,,0
0x9506014744ab6952adf36a5b6fe199536611c027,119.487469,14,792,0,,0
0xd692f79d253c4322aedacb06126112d09e737aa8,114.15523200000462,0,,0,,0
0x5bd458485d40ca6232b8c96aa88a1d69264ad36d,113.8464369999856,98,51,0,,0
0x3444cfdafa8d986760cd07d5f8dbf9d2d113ff67,112.649209,76,313,1,44,112.801144
0x46331769a8a01947e07c310704893076a3409d36,105,1005,952,0,,0
0x1efed205caede27da1135cd37a4192861a51100e,103.73302900000272,1735,1116,0,,0
0xfc278dd0a2757f24f80d4b5fdadee36314df76cb,103.23219499999686,38,70,0,,0
0xcb15649d7b7a1eb01fb1acd14809de6cf82aa1a0,102,539,674,0,,0
0x81ad046ae9a7ad56092fa7a7f09a04c82064e16c,100.02686399999999,149,278,0,,0
0xb819706e897eacf235cdb5048962bd65873202c4,100.004253,139,1630,0,,0
0xb222752ffe62812ee77aa06f8f7d3afa768101e7,100,994,2013,0,,0
0x21c89106521bfe79fe7e87e658a48794e53d027a,100,11,322,0,,0
0x6139c4ec60f1184949a4b7ba33a5e4929fc37bf0,100,21,116,0,,0
0xcada38b3d2e3d8714e783ae8c420b4024817e3e8,100,1579,1911,0,,0
0xf946d2068a549b3225cf188339010a8383dea5f1,100,1246,1369,0,,0
0x10c30a8b58bba3fbcbdcf1b5aa3930c7ee0873d2,100,8,476,0,,0
0x6cd72b1e6e300340a48943d6af34ef5ae07d3577,100,94,572,0,,0
0x32019dc646f386c4a06c107360854239aefb83ef,100,13,967,0,,0
0xd8a56fb51b86e668b5665e83e0a31e3696578333,100,64,1889,0,,0
0xcffec7d1198d461ef34dc4ef315fc58a4dd2556b,100,84,937,0,,0
0x910e413dbf3f6276fe8213ff656726bdc142e08e,100,308,630,0,,0
0xd3d555bb655acba9452bfc6d7cea8cc7b3628c55,100,7586,1607,0,,0
0x9a8ea427c5cf4490c07428b853a5577c9b7a2d14,100,1213,979,0,,0
0xa4c7d1f471fb6818bb41886b8767310af0cc72f0,100,4,8,0,,0
0x8ff736827d6521502e3fddc1d9096e12e8832067,100,48,353,0,,0
0x38a81be1a7d46fb38960e7f7b5d4c1135b6ca610,100,13,52,0,,0
0xec0860f5d2ac8de9db4b1030a43edcf3fb4db55a,99.9596700000111,109,456,0,,0
0x37a6156e4a6e8b60b2415af040546cf5e91699bd,99.7722020000001,2877,1998,0,,0
0x033c48cd48fccc3639474c8a1819f068d2d284a1,99.200554,11,207,0,,0
0xcdb0c9891344fb58bfa75c4301251ac0dee91df7,98.35183,103,589,0,,0
0x5fcce7f05b26d01a0e193d4d06cba6bd79512792,97.7356319999999,26,159,0,,0
0x26029da6d2b2694e10b2f4a00fb71331ca099102,97.1939429999984,226,534,0,,0
0x686539a0e7ab97ba3fb03b39d8f62ef9fe85fa42,95,7,212,0,,0
0x1c8fe2ef3f3aa3448db5367d6bf4f1e0fcd36ae5,88,228,1139,0,,0
0x9ccf93089cb14f94baeb8822f8ceffd91bd71649,85.97114900000088,0,,0,,0
0x6d700476f58d9b12a594de46cb6a2c1d8155b9e4,82.434692,7,231,0,,0
0xcf99569890771d869bfc28c776d07f59b0636d72,80,106,1108,0,,0
0x3318d923b8fd1ea82dbbbca861124bde3808aef8,80,4,80,0,,0
0x10980459fe3d71c8af0c69c822b09e44e368805e,78.56441799999993,67,118,0,,0
0x83f4b521dd1969920fe972a4de55e907c03cad07,77.2875,25,52,0,,0
0x24f72008f19965ec62ce7a071d719b7e67a6b4e8,76.845095,35,701,0,,0
0x0d2954e061560a9df074719a680f1f2a284b1560,75,4,58,0,,0
0x6d16d74d0f6afe567b84a546cd2ef78076ce27e6,74.63615899999968,526,922,0,,0
0x11fc1e54649e91efdeebc6a0bc88c37fa8ebbfec,72.99488800004474,395,154,0,,0
0x7ecfe42c8856fb574a699b5d735357ae22c6ea1c,72.6354739999997,418,648,0,,0
0xe6eaa91f53ce9a2f963fdfbfb3a160e27b014452,68.33404200000041,9,193,0,,0
0xd3051133e35dd3fc7dfb65318073d867096e6056,67.498742,53,537,0,,0
0x8a6414736f795a51873b5a0b8bf118d2bf2f681e,65.33942300000126,77,701,0,,0
0x514a7c9854fffbf21b5779bba60e10ca4e4cfeb5,65.246981,20,502,0,,0
0x931c06aa239fd769cc4b8bc35eeb20b4f46bddc6,64.535382,19,109,0,,0
0x6bce6cedfdd36e1e847f381d23916be4c0669693,63.015201999999995,6,60,0,,0
0xcb2cd1c1ac5db07380b68587c2fd33609aef0c47,61.38760899999943,920,852,0,,0
0x36b40d670e35f207ed436337746ff7cb3778bb92,60.42432199999894,314,552,0,,0
0x0ec1bd56351f1964536150ddee5dffc71e8fc7f2,54.70136300000013,1188,644,0,,0
0x613753797f1f8d1eb578f3b1c911203e32859dc7,53.70788600000378,761,1699,0,,0
0x610518f169c6cec3a5782de4562c824cfef650f2,50.942016000000876,28,246,0,,0
0x035e8a0a57f24fd10d447c6ce44524513dd6e09c,50.727393,6112,1886,0,,0
0x70816366a1e6ea79bb9482404563c83c5ec3dc87,50.690168999999514,167,1042,1,70,2000
0xf5802fc338925adcbcf3627c0c9b1de8a9642ffe,50.584879,60,1286,0,,0
0xca6fcdd398220cda20cef3e59bf1ca96b17c3853,50.365022,200,1207,0,,0
0xb694d2fadbd6667aea21d5b4740a2c627c16ff3c,50.001293,0,,0,,0
0xf5fe364d18f4a5a53badce9a046ba74cfc97f6fb,50,1303,1473,0,,0
0x57bef6fff643845df9046d2833d9e36b64a8f915,50,706,741,0,,0
0x2567d753e50159effccab3da32c960148c93e1a5,50,211,541,0,,0
0x71eeaeb679b69d0773adb1923566c8390b10917a,50,192,2019,0,,0
0x73acbff5e3c8d961706df8af46c02d5adeac1716,50,22,621,0,,0
0x39c31a899662da8bba43862c82c8ba531dc61390,50,823,359,0,,0
0x0d4fbb2c0003afc1bf5dd6d80aed1b9962b1f0d2,50,498,538,0,,0
0xdea87472ac1d855b1de79b4ede2ad3765791981e,49.859537,15,10,0,,0
0x561e39c32cc92c7fc8ff923a18b74a03b725c5cd,48.98811900000146,9,178,0,,0
0xed97b4823b1bf8e6fa7ac38a6c43ac7673dfb6e6,48.768928,14,234,0,,0
0x238880de0ff6a3e10e448a5cc8c496cbed4fccaa,48.534364999999525,17,47,0,,0
0x51a206081e97eaddf9fb4ca667113f827672dd7f,48.498522,7,46,0,,0
0xc021f8b55d22de26ed8e4d4b955ab031bbb5ade8,48,25,799,0,,0
0xb957339804fea2829babc79294d6e7615705fd14,46.962745,46,217,0,,0
0xb2f1aaddd3911de6a3585448c897ba556795ef3d,45,16,590,0,,0
0xbe74cc7daa4aca77691e5159a3fb6c35ac9af665,44.99904500000048,41,79,0,,0
0xc540eb6c7b3e44ef8a45db3ad8618404baed88f6,44.97983799999929,1437,2104,0,,0
0x2bdb00c052e50b9b8282589d75c76a8eca3bec75,44.73358699999994,35,144,0,,0
0x9fece7066a91fdd416cd2ad262d1ce1f461ae8e3,44.27165999999852,102,768,0,,0
0xcfb9c0fb5e47c6a63b4f03874cad8bd09a810186,43.264724,4,19,1,60,43.272071
0x9aceffd332ff7214f30511241029e909801a64d5,42.43671100000029,48,187,0,,0
0x8ffb5a2e5d9b5db800354dc4fa73c15a5d047328,42.307096999999885,27,638,0,,0
0x31a2366a4a7646afc48456afa32cd18f236ed4c9,40.82486299999982,236,636,0,,0
0xbdeec92ec214423833112888f478a8f1bce398c0,40.72814499999913,0,,0,,0
0x53646005833b59ca8a6d58bc934037f837e63ac8,40.084874,7,270,0,,0
0x4cb75146e98562c9d79b31649c6c739e4dcb7cd5,40,1127,321,0,,0
0x81f9afebc55b63ebb7cab0d00db8a4ba2ce843ce,40,7,75,0,,0
0xd8d02a536685535e50ab85b5c72e68ac319e346a,40,58,665,0,,0
0x6b7bac9f0e3466b7c14ba43b79b8fb8ebbff7691,38.84377799999493,0,,0,,0
0xcf6e7983381c4c2d2575ff9263671aceac6cec1c,36.6246,40,85,0,,0
0x3d41ea67acdb33aa582b528964f647a3ad609fa6,36.53124799999932,730,280,0,,0
0xe7185c0af1de82208fec32b0f9e542f155d971dc,36.1297569999997,195,610,0,,0
0x238926025e84475e3182774df480021470f8f978,36.036158000002615,1065,1365,0,,0
0xe7073fe7673f549c6b14b63412f0f2388a770b8a,35.126847,26,153,0,,0
0xdd0cf06ff7359685895131183fc5120f71d2cd29,34.932811,21,204,0,,0
0x0112433c2b9db3a25c4285f6765714295c27fb7f,34.83041500000036,0,,0,,0
0x228fdc00065ad5af8ad165677f6b7700dc8868de,33.99649599999975,16,82,0,,0
0xbfd8bb6282f369c398d586af0312a13eff2f7702,32.988124999999854,45,610,0,,0
0x8cf7603b21940b12a639b43a459d762fd68ebc59,32,3,106,0,,0
0x2635b9c8c76835c3007e36b0004d1470db93055a,30.442443999992975,148,132,0,,0
0xcd088e347ac400327ed62494fa274d5e69359fea,30,78,272,0,,0
0xcdd59747604028d250bc2c81e367bb1ad149a23e,30,320,499,0,,0
0xdeed88be5253b823e22809b503bbf0fe84b2d1bf,30,3,41,0,,0
0x5dbcc5267d8f7f9905d1c404d1160268dea0b5ea,29.884000000000015,188,219,0,,0
0x93e961b3a375c1831db9c3ce604d4b54f731b4d4,28.74057300000004,493,734,0,,0
0x2060386d44ed4fb93953c8355cb5a773fda0eed8,26.935045999998692,149,608,0,,0
0x876c899a3dbbf17c7abe05d8680fa46f66be29bd,26.64542999999958,10,172,0,,0
0x2abc73d40fa73908607bed091ae21c90d4cc8731,26.600279999998747,19,160,0,,0
0x21b4e5541f53e4a2b2ede53d5f099eb484cbfe32,26.467337999999927,73,292,0,,0
0xd5613287893d15e6383489d3ce94aaad974f5ab8,25,8,294,0,,0
0x13502d57ad890b489d45654e9e2ce264411e9724,25,19,45,0,,0
0x0522433fb35f2b5f3b545d427bb59e19b4b076e9,25,21,131,0,,0
0x485d79dca8b8cb0db02b9e7253b8c3ecae4423c3,22.803082,121,158,0,,0
0x058784b73eec58c880bd4540f9fe9b7595ff9d9b,22.290444999998726,0,,0,,0
0x54426307974b659b48e70b1faa44f17aa0e3c4cf,21.943081000000348,434,209,0,,0
0xd97a5c386d7b77d3d90229e9fa1a393f78d06289,21.428667000000132,14,149,0,,0
0xdb7030beb1c07668aa49ea32fbe0282fe8e9d12f,21.25156099999731,639,560,0,,0
0x03c2bfd2509de9b13d0124015077e100a292336d,20,606,925,0,,0
0xeb302d61615595786f732600570bbba28ad50141,20,66,513,0,,0
0xb300aa30dd33e1ae849cb69fa23d6ddaf90a69bc,20,190,458,0,,0
0xb7b9a7db7bd0393184cf7aeb080da45a8c0a02b5,20,324,1227,0,,0
0xe15d895682a883accfbf81aa249a5f1a61f3123d,20,34,390,0,,0
0x7763b4914765a7e8fd53f78e73bdca26a826db6d,20,9,154,0,,0
0xc6e2b7c23a408e24a5d571d7c3243bb2c16205ac,20,12,305,0,,0
0x06b7b871ac40188430150e2ac3e84ed365dc0478,20,81,583,0,,0
0xbc824da71e8be9afb1cbee1bc3b20e263cc359cd,20,304,166,0,,0
0xe006e905de2c1762fe90d216ef604f3e628465b4,19.496423000000505,1231,352,0,,0
0x7d0c3d25c042573c2cb439f6d8f86e449321b09d,19.104713,6,375,0,,0
0x17618130a5e1d799af979cd39083d0d3c06506ff,18.433782000000065,9,98,0,,0
0xac4b834fe8065473d000aac5c20b327a020912b1,17.926519000000553,93,16,1,8,55000
0xac532705ec01bb12300194c768f1c9f39ccb5f3b,17.921918000001824,67,142,0,,0
0x2d77dce83ae7bbd52f0800d617539db4bfc3e97b,17.64183900000353,31,81,0,,0
0xf3358087419b2c43a0e7a5790a6c46aa4b104df8,16.86,50,1234,0,,0
0x9de323b08c79ad5be2cc1152dd877d04dcb84a36,15.203831,6,105,0,,0
0x6e703f9264375b88791c958053be7834ed49d769,15,214,548,0,,0
0x9f40d1f667e725c199434a01f5f11acc5f83f580,15,45,1063,0,,0
0xc7e07e8c9698b6f81a7f9d1e783f7dc8f8bc111d,15,27,53,0,,0
0x234fa5d48966ce2eae726ad49fbab7ddb154767d,14.879855000000134,48,209,0,,0
0xf42b1ac078b2144bfce9fdc7e197685ceda42011,14.1,170,587,0,,0
0xfe44d7d1e939a4be55abcc49a9bafe86a81c171f,13.778337,6,43,0,,0
0xeaf6ec5d5b4a9406a2eea7f7cd30a844d2b72f89,13.16308700000809,793,476,0,,0
0x18650583d5bafb28c0ed36f9e6350873ed92edfa,13.006984,303,342,0,,0
0x4dd2a335d53bcd17445ebf4504c5632c13a818a1,13.0001,2386,1485,0,,0
0x5035196422e08565c28f68945fd62e3ed30fc3b4,13,46,658,0,,0
0x168fef2fd1af371625b2593468620185cea904ff,12.972395,186,753,0,,0
0xd8c31bfe46800dce48e0372c77a637b945060310,11.628830999999991,231,220,0,,0
0xeb4576fe753dab07635c0bb6c8f0a355e1db5d31,11.588224999999966,2118,916,0,,0
0xab970b91fc5c073fb7c1a6263ec5ac5c811ce116,11.586629000000016,63,747,0,,0
0x337699a15e9cb2236045d9d29427f17ed1c4773f,11.376714999998512,2479,725,0,,0
0x9e95216f90d32987c0283e136131a61de73e2b04,11.060930000001463,154,142,0,,0
0xdd65c5e9d1d4124a4730a9bad9ba5784f9b1d1ec,11,704,720,0,,0
0x7206bc81e2c52441eeffe120118ac880f4528dda,11,1334,1126,0,,0
0x9168090a4f7116fc841df4ed7c5caa44cc62bfaf,10.974380999999994,20,54,0,,0
0x70bf18d7b563297de79e4b85ceaf10de76daa69c,10.752644,62,460,0,,0
0xc80c46160a6477c13b2ec2bde1b0cb599514a6fa,10.548084,12,45,0,,0
0x47acaee373848a266a220125203460e3921677ed,10.5,360,538,0,,0
0x8c4adc1589b96d56b7a351e6e500163ae208d53b,10.444696000000022,0,,0,,0
0xbdd677d469dc4a7b7679184f71be3def6513aca3,10.371692,66,111,0,,0
0x9e5686c1def401fa3fb9840a1171690c85363754,10.295652,87,270,0,,0
0x95d4185ebaeef9f39501d5e84f1d33dcfa7c72df,10.249993,40,92,0,,0
0x20de7720b27779aeb96dfc8cafcc2764b2cb1f30,10.175163,49,971,0,,0
0x56fe2dad0bc023879f96218b3e622682eb033f09,10.000100000000003,101,1955,0,,0
0x5a06e2f79f8f7288063763e77168f6df6fbe45eb,10.000079999999969,37,327,0,,0
0x14afc733cd8ae5b63b936cbd519097c37caadc62,10,2,25,0,,0
0x1aa92044fc962abda6c32992a516f52552603769,10,781,800,0,,0
0x059213d0adbd35def06ac6736c8bb310360c8a5d,10,652,1770,0,,0
0xd94e1c5376665a9b18ab93542d38005c36d64790,10,1043,701,0,,0
0x50579f2b1cb065751c6900dfd61115055e71696c,10,187,384,0,,0
0xfc2e15c7a37587f020803bf006caf713b7ed3df8,10,10,96,0,,0
0x24695f697ffbe0f749c8d7ac0d69f23a2978f8da,10,179,668,0,,0
0x86d10751b18f3fe331c146546868a07224a8598b,10,1870,911,0,,0
0xd36daf280d5f3a972ae77adb451aebdc87189f67,10,34,113,0,,0
0xb4bbcd6408756dc719087cc4b8549ca73f110a92,10,88,902,0,,0
0xf4472a979a5a080127aae3eb0d9da8eb825ad9ca,10,17,185,0,,0
0x34426b1abec6f922671ca62cf9ae57bc5bbc499b,10,18,160,0,,0
0x846a5496e835aab4ee5caf62774f398139e14bf1,10,181,713,0,,0
0x7029bfa9a85ebf4653945be520dc3b7f1181f4af,10,967,665,0,,0
0xf442abcf6877900a77f3717227e99f5d11ee4cfa,10,12,153,0,,0
0xab7b49bacd43bd4cfa41433d477f690bb9e1fb26,10,2071,1886,0,,0
0x0daef89a7d468ef86fcb6df8cbe5d3e9ff4355f4,10,1209,934,0,,0
0xbcdffecb673431f13069fc29bc2bbca52232eaf5,10,213,545,0,,0
0xe48fe6012f97b6a13c0ce5cef314caf66e972deb,10,1176,628,0,,0
0x2c262cadd5430841f9898a5f351c0d679b4cb673,10,83,343,0,,0
0x34317714307244f05fdb6268f7b1272f2563c77c,10,3,13,0,,0
0xb7734b259871a01e0e97b0f5f6a9d561b7a1aa8c,10,33,153,0,,0
0x4c8f8089607ba1d370c7c62743a309bcb01d1eec,10,754,251,0,,0
0x9113f0d1d6541c4fe16b55873aa79d4a90b0bcc0,10,409,491,0,,0
0x96aeb73377aafae3453d4fb00b3834c26e773ef3,10,38,118,0,,0
0x59070f02fa3693bb7af1a41e80cc0ae3f1509e4b,10,508,717,0,,0
0xea008b9e96a78ea0cd689b2953d0910d4394f604,10,0,,0,,0
0xd4d71b709bcc500b60d0ae36dcfb4f6183746087,10,414,485,0,,0
0x76de3a7204e62f15ff6b106bcef8372d10045feb,10,178,19,0,,0
0xb56bf8d7c7b701c54df3dc08dff32638cfd754b1,10,239,1876,0,,0
0xcb7958ddf673aa8f21614346d3e1c46182a9454d,10,533,303,0,,0
0xa30e48c7826eed00223224dfde038347b983f0f1,10,335,541,0,,0
0x9680f3957510cf85751a096c2194520c36a4a003,10,1294,1236,0,,0
0x9f5c79a10fc6d9d05ca77753a5844106e68c3029,10,178,184,0,,0
0xa4a1726870f3b22fb6bd24f1126e4e008e7564d6,9.9999,6,97,0,,0
0x46bc337635d47ff5653641834fadfbf3bc495ff9,9.349106999999094,291,897,0,,0
0x6398f2612e98c39de1bd54f5e55019e2a6f981ff,9.33524899999611,170,650,0,,0
0xc8efc316952346d1c21c085bc9c4ec75a59296fc,9.216668,85,602,0,,0
0xe0cfd0724ff53fc9064aba7944bf111d5633e31e,9.141013,96,606,0,,0
0xccf86e299594e600c5db24bb04719d1a7a72f748,8.63,56,107,0,,0
0x6d5904167423e36a07427340d14804798039d4e6,8.209418,8,215,0,,0
0x6cdb111db82dc49c8ad2b90d32f8e6e8069c7b4e,8.110692,133,908,0,,0
0x2fcecd1a122e5e218f57348e43b377c92740bebb,8.06217700000002,152,471,0,,0
0x372f03c63f9a90af404671aeaac125adde3bbbec,7.9312969999991765,12,358,0,,0
0xea04a9fe2cef51b504e7da8cf1b859454ae27030,7.842865000000074,335,541,0,,0
0x380568bcadb2ebdd84b9d0f4e6702ee760ce6944,7.592131999999765,298,335,0,,0
0xfdb2083e00467044b8707bc3e3aacffd094bf34d,7,33,205,0,,0
0x9c933d88c8a385057a235a9e7663f03fc9bee7e6,7,47,137,0,,0
0x77aa53c0581b7a615855711f21199d5572ecad5e,6.870724000000337,96,787,0,,0
0x98bfaf737e8e9618072f38e04db0050e98d2d2d8,6.669000999994751,174,305,0,,0
0xe066fe84075fcab0359498ee2fd29c18a8da8fef,6.559132,1312,2071,0,,0
0xd7962bdf93344c6938e2d07aa3f8f9457b4b212c,6.445753999999852,62,511,0,,0
0x29c4883e4a7c0b55cc3da874a409daa2d0faa65b,6,27,132,0,,0
0xfc4762ffd36c170cc645874130af5c7aa6066534,5.958392,5,75,1,23,5.982839
0xd66a44ca437d3ce86eedc7f3b3654b215fd8d927,5.915025999999671,63,250,0,,0
0x95ae0853c605c294c98621b088c7beaf951d3eb4,5.846663999999691,0,,0,,0
0x4467f94fd5cc91f43d17af8c8a935591b335af6d,5.5264139999999315,0,,0,,0
0x761a034afddc1d36bcd87213ef1be41b8f59b576,5.471633,251,724,0,,0
0x67bc76e8fd78cc59594c9f43c643ea7cafa48669,5.470040000000154,1696,1120,0,,0
0x28f0707664ce72546d3e641939b38a92a4626430,5.327637000000323,23,59,0,,0
0x543b2324a9f548362dca27fa915c3a56d2bc8b45,5.284496,12,488,0,,0
0x41d00d74d03098dd982a02446dbe8ae3d509fe36,5.21,50,52,0,,0
0x7ee847cd2d18aaf9bc193e2e07342988b38faf6e,5,154,165,0,,0
0xb343880dc01517dcfcbb528864d567e3389753e1,5,80,127,0,,0
0x7b4ff4441da4400aff151df10871f4e30eb6514e,5,41,680,0,,0
0x06a8a6c6331d411aca96f7bee80675854f94f931,5,70,533,0,,0
0x19f4d695952cef25328686ac7db05bddaba81e1e,5,592,192,0,,0
0x850fdab7c76cde1de8a0e4601cfd125cb28619ae,5,341,856,0,,0
0x33a1b25334c752672c616412fdb24bc2726e13c4,5,46,416,0,,0
0x582c98ddc90dfbdd1d78e6efd5fa96d94bdc9c10,5,235,315,0,,0
0xcc917ab28544c80e2f0e8effbd22551a3cb096be,5,424,750,0,,0
0x9d2fa4575f2389c09379b81d376f4a1f88dedc43,5,13,34,0,,0
0xc1254ff4b02b75e07ebfb8ddb3718a4ebbb76d15,5,37,680,0,,0
0xfafbeb6a1859d06f0106423f24e7a79fb596d5b3,5,549,460,0,,0
0x9f5007025865c21948b6deef841f12fef627a6c1,5,51,265,0,,0
0x211f4bc4a77fd03e5c5b3a3c85a94ebaece92381,5,509,675,0,,0
0xbcb6c05ee1da1865ce07b2810cd5062fb5168cac,5,39,867,0,,0
0x91f10cffdeb9701f2a03d72ff309fb08857a9b49,5,756,1945,0,,0
0xd6e3df580ebef6c6fe979fe2e2a9c6edbd5445df,5,207,136,0,,0
0xdb01f8bf2f0dbf151e228514da4488ef61de1c58,5,126,306,0,,0
0xefa845164e612fe623ac21380afc8ec78f22e3c3,5,544,571,0,,0
0x668aaa35e90ebb1410deb2a3299ba07e4dd80bbb,5,35,16,0,,0
0x27720a2580ad65eedfab06d61fa74288b4cf447c,5,34,683,0,,0
0xc89f61fccdd48d4a319ce5cf7c60a55b8aff565b,5,35,126,0,,0
0xb88909762131307451d06f335b2bfa716c4f1b1d,5,407,510,0,,0
0x7743526ba3ae2798fa34f9957b0727e42966a209,5,296,899,0,,0
0xdf0635793e91d4f8e7426dbd9ed08471186f428d,5,5324,1610,0,,0
0x3a8173cb3b6d6e02d849ce280da129d91aa9e68c,5,656,1674,0,,0
0x666a6cec0643e35e61b4ced3edcb6935d4a70fae,5,960,957,0,,0
0xa1e34988fd65da7461f0465818b0baa06ba2c420,5,49,681,0,,0
0x5c66f09319d471e100892913ec977d75ce1342c3,5,270,614,0,,0
0x796da7ca06f5bd323e4ca1aea17418111a8770b5,5,29,680,0,,0
0x3550e4b91dcd11f84ca3269d386d33746c460611,5,344,545,0,,0
0xa434eb11beba2b86f92d7b8b3f2174c8e8ac2891,5,255,448,0,,0
0x5c2e7837a5dc5d07c6977bfedb46a1f3ec6a5a77,5,1115,1577,0,,0
0xd675217b9f820ef5f6670b6da7a35e585a86f153,5,11,386,0,,0
0x242271a36c9670466c0d6058248ca75a219bcb30,5,2,39,0,,0
0xbf1db0a198976a0f5e257017e7fbe1f80641e41b,5,105,269,0,,0
0x5869bed89e1d72bae723828474193d3c131f17cb,5,12,271,0,,0
0x8844853428c59baadd9b4840e83969dd4f58cec9,5,170,62,0,,0
0x9faacde58e09c57d6184eb96d4485f73127236eb,4.962979,44,331,0,,0
0x999404e0a630c2a1bf3f7bfbae5c1addf893f2c4,4.899255,111,226,0,,0
0x33a3433830f11ce43eb5a1c2a3281d6af9a3e772,4.5,31,99,0,,0
0x8679bcf9cb019d1b05b89dca59d657b25d032c0f,4.359644,1399,732,0,,0
0x5e751d6e267e1ab8c32ce956b48399080870f3fe,4.3142689999999675,102,1014,0,,0
0xc38c85c59c838ae1e590e7b1a8a3f8a386ad3025,4.137315999999828,86,274,0,,0
0x6c5bd522c7337eff55ca16d29c791e3872bee1a5,4.111887000000024,0,,0,,0
0x0d4b8980e326999e3dd4b7bb5c213c39ff5d58e6,4.093643000000001,13,101,0,,0
0xa22717887a258a6792ed5ec7ecccd9d64c0131b3,4.082298,99,397,0,,0
0xb1f72d694711fce55c62ea97bd3739ff11cef986,4,1859,1913,0,,0
0x25a087dc3512e3be548f0ca13233ae29d3781bdc,4,70,1796,0,,0
0x0e2975c307e58bb77e452f51311e1543f01d327e,4,0,,0,,0
0xd9ac85c29909d950b2a4ded2fba061eeaa80b3f1,4,29,76,0,,0
0xedd788e73581c26a3940962a8894aaae73ee93c0,4,43,550,0,,0
0x693c68ffc8a55e67deaafc2fdbad7385f57dfcfe,3.8992020000000593,62,140,0,,0
0x13a1a69701763c9900e17f3a995492d7b1415b0f,3.892867000000024,0,,0,,0
0x9d2beea6625c1991c796c498b93842d9e09cb6d6,3.638597,614,932,0,,0
0xbea66c8cf0c4bac14524c098a67d96206b3bee8d,3.466645000000426,69,213,1,111,12750
0x400bd37918fd19a0644b72b45e508b98dc44b6ed,3.262331,225,771,0,,0
0x7aeb211e87dc7ea8853b2b4990d1e61f9677e56e,3,548,503,0,,0
0x1289ef89cb603e3edac0a6f1bb73e1a933f70148,3,612,380,0,,0
0xe58a5782e7fcb39eca107d7cbf32be12dedeb491,3,50,142,0,,0
0xff4f584166ad206c99d2eb2b48bfe3cbbbe0eb34,3,167,511,0,,0
0xc875a15956b4a47c8e85791d9891577eec762bc2,3,1005,543,0,,0
0xb3f764cb676449c161eab7b024a06072d5652d23,3,109,564,0,,0
0xcc0d8f409b149b92c089b5a9177331338671501c,3,1391,459,0,,0
0x4e3138a26928ea8b79e0192c7de836cf258d4618,3,322,1196,0,,0
0xc04a3df04fe48c261a233e46110b0fdadab1733e,3,314,387,0,,0
0x0e636d680b300214cf10e3343d0eef14f642c8a4,3,270,775,0,,0
0xd1ec11ebd2ce4cebc6158cac36fb70dbb393d249,3,148,899,0,,0
0x93f871f73192b0c2543ec45644c42afa7365dde6,2.9725039999993896,47,295,0,,0
0x6c6a0089c5b9fd46861db356e60c28039771c65a,2.959683000000041,102,643,0,,0
0xfe32a37f15ee4a4b59715530e5817d1322b9df80,2.9379539999999906,3318,1114,0,,0
0xecded8b1c603cf21299835f1dfbe37f10f2a29af,2.91132000000016,8978,901,0,,0
0xea70f086564e3cae2a5510f7cff7f7165709270b,2.910519000000022,29,92,0,,0
0xe46e8996a7bfd82ca059ceccbf99df153c199e64,2.89071399999375,0,,0,,0
0x84e758f9b12bf5dcb0cb175586981e56eb32963c,2.837492,4,85,0,,0
0x481cc63558e305007ce3f3c7611dfc14cb9f1549,2.7478,7,171,0,,0
0x7cb785a76607a31e0517590d35fec0a32d83bccf,2.734583,198,707,0,,0
0x650edb6e05e7872133bcdc20cc28e68dba55939c,2.6444360000000415,138,927,0,,0
0x982c76ce86d87c1cc4b1908fe938a75d27f3a826,2.619115,0,,0,,0
0x803ae115aba12d549982a2455591a1d1ce23db55,2.5893,26,97,0,,0
0xba85e7b5fc623014ccd394bbca960b1d8455faee,2.570458,1153,1919,0,,0
0xdcf086e3f7954b38180daae1405569da86588bfe,2.5612629999999967,139,806,0,,0
0x4a1ffcdb1432b822bd931bee06135930bf6c67ae,2.384301999999934,20,541,0,,0
0xd7f50e71a6c0525479abba17f02eddb55b6f3ff5,2.269046,209,1175,0,,0
0x52a9531ea1edb128d5822aebcfb0e1fe28adf8a0,2.198129,56,141,0,,0
0x848569941c58aa3274c4153c1dd4f867cd5c543f,2.165183,209,541,0,,0
0xdadac68f07a1d73f388d2f50494397715409ee0c,2.141195,593,1764,0,,0
0x2d8a2047b4e198a26b937fab3ecd0c28ad6e5fab,2.0306699999999864,18,112,0,,0
0xc6326e5d3c128c38595134021a30af0c15916285,2.0274570000001404,529,552,0,,0
0x6430f34e563c719a74cdf9bdd565bc569b1cdf51,2,337,340,0,,0
0x3533b0b2f5e079cae7669ea25eaf30457e2ed0b3,2,449,557,0,,0
0xa28a89c9d6a52f2f5a64e3f3b764ed686fbd76eb,2,88,240,0,,0
0x7313fbc5ed80c1d376733ce1a8670f6fb1bff6d7,2,974,1234,0,,0
0x6b759bf480407d19c8903c16023c706868c29a2a,2,222,539,0,,0
0xd5fbc2b36504c148b7005999c9ed8f5410c9df6c,2,8,93,0,,0
0x320a6e4bbf6c1d65c04ef3e68db36304a25d7cf1,2,47,946,0,,0
0x58b2aed547d8d71a53ba36baa1443feb4cf2828c,2,71,260,0,,0
0xa7f2dfef34ed820aa790ce55e26925fd5a916d99,2,426,914,0,,0
0xffd92144cafd599a5a93e4805ca4d8f0e666d623,2,780,857,0,,0
0x42b9df65b219b3dd36ff330a4dd8f327a6ada990,2,4248,1425,0,,0
0x6cb4890d712c91020df2e62fb7bb869ce6ca3e8a,2,368,441,0,,0
0xb1e302b3a3b0de2173c1a1c2de19d2868b7c446d,2,1090,2013,0,,0
0xbe73eec01669dc666c44921a448f829c302c0f76,2,672,1047,0,,0
0x0d8c44854055f4becdfee63d2f6286548ace0c34,2,362,1620,0,,0
0x64c15ac568f7f2c385367c1d9c2e03f82a55bd22,2,55,113,0,,0
0x1cf693eceebeee99ad60e82973e2d4829c801335,2,782,631,0,,0
0x059a395a730de6c6c3585f9daaeb09eeab129ce5,2,174,897,0,,0
0x14d607c20ff934b0d895577c6e80ab0cd6a8b322,2,418,433,0,,0
0x6d8d524dbe93b62995285d6be5fbf3d0ccc0f2ff,2,935,463,0,,0
0x6e3b6e366ffd36a797f7bceaf45a3c13ac69abe0,1.9768710000003011,637,650,0,,0
0x852d8f12b70ada18b053b7689d3ec2fd0a98559b,1.8974430000000098,113,204,0,,0
0x35afd50c7d3e466e793e261b607401902388088b,1.7182410000000345,0,,0,,0
0x39ad4317dcb7f058ae874c8df801355f998819ea,1.6332499999844003,133,171,0,,0
0xd60b8d278a98e068eaf3508e95cf1b0089961288,1.56058,450,690,0,,0
0x1064f84bafe6f238b6b7a130b33160560d681ef2,1.5325849999999264,0,,0,,0
0xf88a055732fba525073bede9ebdf76f6051b07d9,1.5,561,926,0,,0
0x4ca3d07ae1e61fd9fd1021a9f64c0599df78cb2b,1.5,11,81,0,,0
0x1b081542303d27a705fcff9512b45c58dd7dc4a9,1.5,382,475,0,,0
0xf42b1a25d903489c46f74c79a4cd1c22330d231d,1.5,298,525,0,,0
0xe93dc0374a9e547948b62c5b5e6f93deb5433039,1.4461449999998877,0,,0,,0
0xe8b266eb7c7e36a42aa4c5f762515178417f55cc,1.444646,45,108,0,,0
0x705c7909e5d4b833778cb95fee849c7dff1d0681,1.3,262,714,0,,0
0x91fa472fb12ef104d649facce00e3ba43de57a8d,1.3,509,755,0,,0
0x794a9ebf11230b82604857acc584fb6cd72fc2e3,1.2904760000000124,99,1813,0,,0
0x1007a39088c22a4dfe54032f08fc47a7303603df,1.2612320000000068,173,490,0,,0
0x80dda9118e9268753679ea5ae7721f859809fccb,1.245429000000513,32,109,0,,0
0xd4d08ef38e4dd5da47915f9f644572c7939a8330,1.226962,48,637,0,,0
0xfc0ae2dc4db7de0454e932d7dfa726f123a291e8,1.197413999999867,37,94,0,,0
0x29e0d6e23b6f3364b0377a46b2dc358ae108ffa9,1.1550529999999526,20,17,0,,0
0x2848e353cc7681be7c7d5a6884d4b5508a056d11,1.1168480000000045,163,508,0,,0
0xf6464ddbaedbff148f6bd0ecb56d54ebbce65ef1,1.1108589999998912,128,703,0,,0
0xf0ea58b65c82c48ce69f0abd68d178e7764c4ba2,1.1,3167,889,0,,0
0xe310eabbbe5986499e335efec7365f004b3b2a65,1.1,44,81,0,,0
0xa8c4e3ce1743d0f2a6c227548c982a7c40569940,1.1,1523,788,0,,0
0xcae11f36afb6ef51d68917f865362623ff1231c8,1.1,256,1140,0,,0
0x6f3d305026cb005ca24c0b0bb79562a4cff5b96d,1.1,129,564,0,,0
0x2c2d88aa9f4e965993988811381150f57e52f05a,1.05,302,339,0,,0
0x447d07d1a1ed9d25680175a3ff982a15e02603bc,1.041101000000026,1048,306,0,,0
0xf782f0bf9b741fde0e7c7da4f71c7e33554f8397,1.02029,303,1433,0,,0
0xe431f7736784d033f7c981efa591e13affdb0408,1.01,77,798,0,,0
0x3ed5fffe493d4066191d7b7e76784a33defd0018,1.0000009999999997,688,155,0,,0
0x4bb12cc382e36b4b6faf7bdca7708969aed258ef,1,628,720,0,,0
0x937f250b6ae6dd9eb8bd8b86f4b9796b6ef05d13,1,372,700,0,,0
0x12651f27224dcefa41db255a2814959373829fd9,1,318,740,0,,0
0x8008c76d9d9484b6af5d53b7426b1c84a63dbfe4,1,529,449,0,,0
0x0bc208668fc26079a688dc02eaa7c3e395f41ea0,1,637,1363,0,,0
0xbfa395f8979de4b3be88224b3977be9fa5713122,1,92,187,0,,0
0x4acf98e7b380313439d189c94febe7ccfb4ae745,1,334,2020,0,,0
0x3f596be1efc2f0813c3fb74689493fa07f8eda9a,1,375,447,0,,0
0x45946c7234838c4168e323ae7519f886e3a209fa,1,84,87,0,,0
0xda1480828d9efeb694da1809b1bb251cf5eb7441,1,1102,1302,0,,0
0xa6586f56adfa72a2047eb1b1e7941008f8c713d9,1,283,641,0,,0
0x88f1a802dab034d61545251b71f6e4b9edbd6c15,1,770,796,0,,0
0xbb41dd49254e8b9d631b835062392a460081734d,1,1914,538,0,,0
0x959740d1608c4124cee7d1319d413f3348f221ae,1,555,567,0,,0
0x0d9fe4d2312fe4db12c2aef5dc1c3514af3da502,1,74,295,0,,0
0xc8aec25691ce21dcc905855c1162bf0bdce8cd55,1,1631,2055,0,,0
0xed02383d3b21052a02eda1b456f0f154738e7a2d,1,1755,608,0,,0
0x7e0de483a33bd04d2efe38686be5cb25cfd3e533,1,172,1571,0,,0
0xeb6b02e459968ccc4fc17b7550223a5fe68102b6,1,0,,0,,0
0xf10004ac75f5ba024bedf3768fc6c5b3aad4508a,1,610,919,0,,0
0x0b0f9f02d9aef778433dea88c4bec341d6c86834,1,401,503,0,,0
0x0cb584c5cda6c048a4eb76bd114d6b8a128b0dde,1,558,133,0,,0
0xedc2fdcc98b72e6e0406e795e485f1665ec8cfc6,1,970,1872,0,,0
0x2bc2d445fe62335f2d095ff00a0288d05b384381,1,37,450,0,,0
0x371fc5c713b5ae0c392d6014cebf0ea8680f324b,1,410,375,0,,0
0xf331f8cbcd9100292258d2a1986a4a2e7435e453,1,269,800,0,,0
0xfe08945f392cf1873f2c5b1bd7c7401e452153a8,1,103,1876,0,,0
0xe9b211ee81892d2e0577a1b97d1dac4ff29dd132,1,372,450,0,,0
0xada7673b48d656a87cad01bcbafe6b1ee6d621ed,1,491,1957,0,,0
0x6cc87c563694ce0c9ecc525d9acab7e4e279903c,1,2914,930,0,,0
0x95b49e38b2a3140f5242d57f6ec34920601ae193,1,257,1777,0,,0
0x190fb3b4118e5633820184fe9217049a88f07fcf,1,784,272,0,,0
0xeb1fe6f3fa91da98df5b8a4528d18febc3bfe4d5,1,83,349,0,,0
0x5d1aef79aefe7769855b602acd3efd2939d99b65,1,153,548,0,,0
0x2562065110e58b3520f08ee7f28ffcd8d1e48718,1,211,236,0,,0
0x4336fa67626bec05eb5f9092864993d6c1faded5,1,244,304,0,,0
0x206cf06ba63e0e7b727e16af7079a2829e105e22,1,88,263,0,,0
0x150e90bc93e1527b6d45df5b802d83d575b76126,1,1321,931,0,,0
0xb104fa8757a6a5a453782464264b06c2e6093635,1,14,175,0,,0
0xf447b405fc7b41ddfef3cf66ec790eabd6b26a47,1,212,575,0,,0
0xf3d7459c7f6f75252aadf594d2ea74f04b359f82,1,790,686,0,,0
0x48dc7c33a75dd4ddbb1f5741abe40625b66ed99d,1,277,555,0,,0
0x084f1a3ec5d2c5c3da6126a262d0d9f19bfee12c,1,208,264,0,,0
0x7d0a393c746831598eb418a004ba38d987d2a831,1,72,185,0,,0
0x9694e81dd5ff28d0d5e842456bcdbfd63c89eff5,1,11,12,0,,0
0x09b77b7d197928225d4aebb72f006b2f76445ff0,1,211,259,0,,0
0x32eab3e046246e5ca1da750afaefe9ee7bd3b6d3,1,295,289,0,,0
0x0f8361ef329b43fa48ac66a7cd8f619c517274f1,1,1185,897,0,,0
0x05cdad1bd5476a57c1609ab0ec90f0372a59b1c6,1,544,927,0,,0
0x29a834471b7f2a38805a5d58185d81ef41d27eb5,1,240,276,0,,0
0x43beaaf55b402a7b59b8d2696ec040fd09f6c001,1,415,587,0,,0
0xaf61a297cf36e262a228b2f09e2e16b3f7c3badc,1,76,479,0,,0
0x0f03d543f782c99da39552a12e37a443fbd80e70,1,391,517,0,,0
0x985ba318f7bda96949e9b91fde8523210b005e00,1,83,110,0,,0
0xa29f7b8e549c48435e1f5e67c30cb1e47eedd8a9,1,571,252,0,,0
0x020b0d4c844e0dbca51c9ab779df0191978c0359,1,712,752,0,,0
0x5ec8cd4881eba87279f5f243eb89ea9383e677c6,1,127,258,0,,0
0x125eae40d9898610c926bb5fcee9529d9ac885af,1,488,776,0,,0
0xcd98e7c6e5fe6d68ce7d047edc48b705efd517a4,1,35,40,0,,0
0x93f71ded1c6ceb67c121306494f68580327cf3ec,1,312,806,0,,0
0x713c7125b8604d614a59031a9bcc6bde33e66013,1,288,209,0,,0
0x790df947c433c5d9869f9ebb495cf6d54f568c78,1,120,109,0,,0
0xd89979b759a1b79753dc1cb833d3c82dac3732eb,1,256,736,0,,0
0x6453a5733c4f03a5d290082a0d0aed5e876404c0,1,369,674,0,,0
0xea3e579da60cdb97f3870f862af5db982c0ea08c,1,59,240,0,,0
0xc5c8eff68183581f8a108ce6414a21a6675a4b79,1,268,764,0,,0
0x2f9d469e01ec2f8e6c7146cc42463a6b25d285ac,1,65,485,0,,0
0x472d1ac3536c9e9c79a979eec1f32ebdc51b0f34,1,196,132,0,,0
0x763e92478965509ea35fff00558d6246cb101a35,1,4,184,0,,0
0x79e8e9cd26ae6a1fd8abc1269f56f33b6a4ade83,1,212,599,0,,0
0xa2b31a9e5d89026abe81cfa6751bbe42be2bfe3f,1,387,907,0,,0
0x121e1573b7c6c15aa4c036d54bfd2974cf38a163,1,314,304,0,,0
0x973d6b30fcb1fea724a2cdf0a4a873be236acc13,1,131,1791,0,,0
0x4acb134fc6a4595893c7070caa58eb392ccfbf1a,1,62,113,0,,0
0x6d07fa7b60cce5b70cd01842310462783b00b770,1,251,269,0,,0
0x623e4b67bc648415ff0f43aabb685e5257705eb1,1,99,598,0,,0
0xbc55436b8d683151c1bc3009aa48f3b67750b71d,1,46,85,0,,0
0x2b794662176cce58a59c929d80c70d460047d08c,1,448,570,0,,0
0xd5e089906d0c759f27403f3db7ae76007ca09dad,1,792,1746,0,,0
0x34f9c0b11e67d72ad65c41ff90a6989846f28c22,1,314,602,0,,0
0x4aa92b19b50b1b27daa72a6f9f463f582babad82,1,184,631,0,,0
0x192990965b6720403d316090495d1e1ff93bbe5b,1,155,372,0,,0
0xaca9b8af5ddb180d6ff6e4bce7533dd76820148c,1,263,792,0,,0
0xb8954f2de7d9a8a55cd98bf9f6001f5bbcf339df,1,412,448,0,,0
0xe9e71aa6c8639403e39755f6b0a3805d9cb8d057,1,223,303,0,,0
0x6359b350ace096b5d9979161be666c93575c796f,1,380,805,0,,0
0xd1a17acc080d4aab8bb84917755492a466c5ddac,1,154,555,0,,0
0x8d5aa87474992ace837951ebe4206def0b1f9eeb,1,146,362,0,,0
0x5a56e1f2004bc6c033e388cc7f52bd5227840452,1,106,426,0,,0
0x5a20d2477401d87df1884506d49f9d21316d0bb9,1,786,1033,0,,0
0x627afb1341cb1ae3cb3546424709dba42d88bde9,1,80,229,0,,0
0x57633232818ad46e9582ed333eb5e797909398aa,1,644,1197,0,,0
0x2efa8674a2edbe2484a34cb77673239fad225985,1,141,67,0,,0
0x246bd5418b07ccb1afe34bf1e9986a5d19f75d0d,1,71,93,0,,0
0x0578fe63a40dd249b853487dae3c9eb01957628e,0.9261230000001888,289,712,0,,0
0xc6c4d224a5aca2e5ee0f267429f07644be449233,0.9023699999997916,23,121,0,,0
0xfca865aa00d124e7a4e001b2c2c79f8689fa24e7,0.9,258,730,0,,0
0x81fea9f8b7b80484316aee6ef8fbd967e6cc4318,0.9,53,440,0,,0
0xce2726425feab8b3722c1d7860a2bf609adde6b2,0.854846,183,414,0,,0
0x3b8c618bfdded6544b27ef67cb71043b30655514,0.8491910000000189,614,1357,0,,0
0x9e5b0dc8a5495b897124e83270b388e894766cdf,0.8,104,592,0,,0
0x59b7dbbdcc1ed1f48f18e9a5cb76f96f6fe00ffe,0.764041,275,890,0,,0
0x429801692ae55c2d706cf57276fe9f71abcce3cc,0.7247820000002321,1018,369,0,,0
0x5b02da8420dd9f77a33c6e2b22dc87fe22c17a30,0.7,1886,2001,0,,0
0xb3384dfd46fefdf209d2c896d3e06e584b304c2e,0.7,851,633,0,,0
0x53383b5c1d6e2bd4f4882e10c87413a7d25f3d35,0.6903520000000043,16,161,0,,0
0x523b27014b865c4d8f3dac9c6e3b1bad13d22b87,0.6899780000003375,308,190,0,,0
0x78fa79d1eddebae9bdfcb04f5594127d8db0727c,0.6426270000000613,23,407,0,,0
0x9471118ccb9ef52b11ca4ffd300e90e8a4c7cd11,0.628816,79,475,0,,0
0xf5c6558f3a645bbb825e680189c7446deefc802b,0.6192900000000066,32,199,0,,0
0xcfd750ca84f1fec52a857b262321bde767f4a7d5,0.6,23,283,0,,0
0x13988cef5721a77e9a873b9c988559abd698516a,0.596688,371,433,0,,0
0xb957dccaa1ccfb1eb78b495b499801d591d8a403,0.5891849999999295,6366,593,0,,0
0xd3f9882a5757e03b367878c238d10f0178f51c48,0.567819,241,301,0,,0
0xb420dacc3a5f85d75303e2fc0f6e64ca705aeec7,0.557549,439,957,0,,0
0x2fdd897cba7968b598c0e0b6533a213ca06994c8,0.552639,23,283,0,,0
0x3e4a9e9b682756d69ec092616b0aa45cb2dc0e33,0.5446440000000052,280,209,0,,0
0x7d7fe26009182c0478c508581a860e1c782f301d,0.502303999999981,31,670,0,,0
0xab7fb9161057f953d9f870199f7543bad502059e,0.5,195,123,0,,0
0x4e61548d94c8649ebfc2f5f54d2272fcbc687bf2,0.5,651,528,0,,0
0x328a22f3f47295e6caf31905459f9d8874c4bc85,0.5,324,588,0,,0
0x447eb1e17b737c9bc3c25191c01aab807434f0da,0.5,4,0,1,127,40.501371
0xdb614644aef03def21e5f0607d2e801f7d5eb9d2,0.5,379,435,0,,0
0x4a8a3012787a75f73a0aa59163f7d593725d1636,0.5,610,510,0,,0
0xaa441cc22f0fdb72070d73e05331dab6eb5b0791,0.5,88,678,0,,0
0x91628188530f7b93919c81eb4d5dfe9d93ecb5be,0.5,836,1915,0,,0
0x12eea04a8c4c6065e239a746d705c038b757c43e,0.5,351,1554,0,,0
0x889b88cd64cf2857c8713f66faeb235b8ae31404,0.4948560000002544,215,125,0,,0
0xfd4d49d968c5d11d4daeba553d413028832809c1,0.459365,12,445,0,,0
0xad451d0f19899ef59de39e6d3b068b8055110de8,0.445657,150,526,0,,0
0xe3c45556e475bdad68736ae12dd9d31be935dc6e,0.401527,35,211,0,,0
0xdaccce559a0571083556f39d05b177579613d83b,0.4,544,611,0,,0
0xa69b74f7dd1ba072dbec72d3402238f39bcbf210,0.38902000000001635,33,166,0,,0
0xeb417be70529d525485a9c71ce428166be86e8d2,0.373992,929,1756,0,,0
0xcedc14bd289cddcbd02abdaef451e509e0b25547,0.36,732,259,0,,0
0xe0071389065ee9de10c515eebb01a77d8f64e05c,0.35528599999997823,381,420,0,,0
0x502bb5979a85d2721d5025569164516f45c6c01d,0.30000000000000004,1099,1030,0,,0
0xb83ac7549db7774ab59117483933bcf11f27c090,0.3,1071,842,0,,0
0xac76d48ad04de92cad933f4327ea58ae120a54d8,0.3,88,529,0,,0
0x31b660096f4b407ee416bd0b96697d82b612f61b,0.3,423,790,0,,0
0x681a194ce6a05b0b5de0fe41818c19509bd079ff,0.3,2759,470,0,,0
0x3070f20f86fda706ac380f5060d256028a46ec29,0.2948629999999639,3289,1036,0,,0
0x87b7086009fca5c905f0df66b62aff15af7ddff0,0.29,178,181,0,,0
0x286c2f2dc75ce488683c572305715c8b019cbe3b,0.25581099999999424,12,178,0,,0
0x6395cc6e900b1a29195be284979131e02f831683,0.2209709999999916,832,686,0,,0
0x5e64d21c698791e08411b5ddf6aa4f453db8288e,0.22,365,507,0,,0
0x098515071bb02fca4d11c9d1431e1e45def3a257,0.21459500000037224,30,67,0,,0
0xc7b42f99c63126b22858f4eed636f805cfe82c91,0.21223399999999515,3492,632,0,,0
0x31fd81ca51859abf9ac4218a9fbbbbb495861384,0.2,106,481,0,,0
0x4f5f385494a00737e6688f7b345144ac0a6fac9b,0.2,43,72,0,,0
0x784b8a3666517675446174f48c66b93a0ff17dd6,0.2,202,462,0,,0
0x571a6a108adb08f9ca54fe8605280f9ee0ed4af6,0.2,1436,1576,0,,0
0x91fe4e944355021337c871191cad18fb3eb80cdd,0.2,148,285,0,,0
0x91a502bae962c2c5da1fec8c4ec69f2a2a84a283,0.2,376,262,0,,0
0x061b69c1000eac01a85b5216bff34f3e8932e8c5,0.2,243,443,0,,0
0x13939d994b1a27753de29adddb56d175e846608b,0.182549999999992,0,,0,,0
0xebef98f73929d5b4f4a2928adea89c6f845c8945,0.15663200000000188,64,91,0,,0
0xe3478483a9a7ecd8cdde248ea43b48197b19e09e,0.150621,886,1959,0,,0
0xcc5410dfa396db634428405e81ba6cf79337af73,0.15,397,737,0,,0
0x3df562d0e553f19e8fed01f30bf6d5f031c78aed,0.14202499999998963,240,486,0,,0
0xfeacd07d4e7c85bb059ec386dc380bbba7e16b93,0.14062000000001262,8,45,0,,0
0x4e682249183d7d837be00e0b4876c176401e375f,0.13004399999999805,225,736,0,,0
0xf1eaf08fe28d9ddb3a13d2d7ecabe5a71e7709a4,0.128721,962,1882,0,,0
0x4532280a66a0c1c709f7e0c40b14b4dea83253c1,0.11083400000006804,3334,1932,0,,0
0x8660406a6302ae7c726cb4f3c24442b8ba49748b,0.10020000000000001,1167,930,0,,0
0x8d3654761718d3a6d252a0e24e5711fd14a39eab,0.100032,304,1072,0,,0
0x3085ed07180e8a052346bebd8385e2c4f4fb8035,0.1,154,430,0,,0
0xe4775ec96b072f77d613b6a9442dbba98237bc5b,0.1,388,597,0,,0
0x786694b02f1d331be540e727f1f2a697c45b57e4,0.1,548,175,0,,0
0xd4a9881136d3928668932617cfbfdf88fa9f12fd,0.1,107,396,0,,0
0x20628b67ce5cddac1cb95198c0ff5271f39fc048,0.1,691,648,0,,0
0xeb6e5dcf8e854c78d2f1c64db0ca95ff0bb86068,0.1,993,734,0,,0
0xefb1b61dac569ac6e8a7b860967978976db4561d,0.1,236,464,0,,0
0xc2e84669d20fcdbcef787e471da367d39047cbac,0.1,661,509,0,,0
0x3a8b9b6d9286a42d3956a54dc60ec81c6865ce82,0.1,431,444,0,,0
0x939780173b5d00b026a116dbdfe7b9f6f056be9c,0.1,716,748,0,,0
0xe1f9b4f01b04eb991143e719fd11071c1d0858da,0.1,348,591,0,,0
0x1e901c396e49bcc6ecb4c6e40ccb4e0b0a77c3ff,0.1,234,678,0,,0
0x36c7b7f5a4896684fad6fc71e08746952a369405,0.1,98,185,0,,0
0x3a77e1a94bae74b777f90062cc48e3ce18d5d5a5,0.1,267,696,0,,0
0xe20f0928244bd2402955b920316d5390b0875735,0.1,537,654,0,,0
0x482b4a4b4ee32c37e898ca8406cc955849526434,0.1,206,935,0,,0
0x5c172edfe62f1acde0dbf8e8c4fbb435b872c335,0.1,237,611,0,,0
0x8d79b652cf12d2ff166f0757c066f7ba4b927b7c,0.1,99,391,0,,0
0xd1c805676244085838262806ffb92b21421e5b8d,0.1,943,1640,0,,0
0x5aa943321f5b22bcf7a7d09c7eab8137aa1b72f8,0.1,1642,2066,0,,0
0xa7f053d0a4df46577428b84fb3a59e98775ee698,0.1,362,535,0,,0
0x515a82d709747b49bb95bf4a981d2d6a94a67fff,0.1,98,283,0,,0
0xbe56b6392dabfea883a512f3512c475221000000,0.1,552,805,0,,0
0xf6a6a404fbf3eb7d21e4a78651a5c373f10097a6,0.1,386,938,0,,0
0x81cb7a3b214af3c397575d175c29dc5b92211895,0.1,175,896,0,,0
0x7efb596e6958e33c7d74ab73d5aa4817ff58d182,0.1,140,337,0,,0
0x1e7d1ad7fe2372ef64bd4238d47891f675c75425,0.1,335,1912,0,,0
0xf851ce56caec96c0dff74173afc15966a0070b8c,0.1,378,423,0,,0
0x6001d26436986706ff19c35478f97e0c43846470,0.1,216,569,0,,0
0x37b8f16a4611cf61d9a5707ff2385d63f96e4b97,0.1,48,135,0,,0
0xdfb92efe4c43a70d006c48eab83c30ed5f692e5a,0.1,278,352,0,,0
0x1502a19729df969ced987961830a356f59a7f1c0,0.1,132,492,0,,0
0xef13b0272700ca22c57e055f0d2ad40d6c78155e,0.1,288,747,0,,0
0xce836f1ace8ddab50b7cdcbd1f119429b55c59a4,0.1,119,534,0,,0
0xe1b66965333c01203fd50c3fb7c908fc10fe83b7,0.1,135,136,0,,0
0x672a318833ee156c3972c57c0ec6f933886dbe7f,0.1,199,721,0,,0
0x8ddc56c77efd64ce592e684a9361fe52b99e9b50,0.1,245,711,0,,0
0x59ee84e74662e824e44835322bf6078f4f93dd37,0.1,121,732,0,,0
0xf8b709a047cc025e26fdf31e350c4322a39f4fbc,0.1,727,1688,0,,0
0x705a1251c7a28a09e7139d51ab425f4ef7e7f16c,0.1,181,392,0,,0
0x4df97f293c01a2327690653e4b685cbae6627840,0.1,244,206,0,,0
0x79bdda65c706cbda69c0ad4c8da1d3e91724f48d,0.1,724,1464,0,,0
0x4fa1ff0a3985e84a97bdbf96d2f48c69840a034d,0.1,33,274,0,,0
0x72ba95d9701b0ae496ab4320010a43a764905b1b,0.1,111,95,0,,0
0x4e402f530f7b4efd2c4d7227f5ec2c9e4ca2897e,0.1,150,100,0,,0
0xa4066809936d11b04250b2a4108ec387159c86aa,0.1,123,93,0,,0
0x0f7e5da81014f80e009b8e603ddb9d145a98c92e,0.1,419,121,0,,0
0x5c89388c0cf995f3e8caf08da11de5cca3329740,0.1,74,506,0,,0
0x3e7f4c9f08c5cf5a58e58c41201342ca43550c0b,0.1,268,679,0,,0
0x83bbe9cfcc205bb8e53cba0b51d6db9386ce58b5,0.1,569,350,0,,0
0xbf861d09615543c419c749ea8cbeb720e3b3e3ad,0.1,596,540,0,,0
0xdb713c0b4ddd6e7a466236c0cbfebc5e79e8c3e9,0.1,146,94,0,,0
0xfbb951585f0078e8cba6dcd89cd48b90e1b3f8c3,0.1,362,722,0,,0
0x4f27ee7ad5ef8d881f62511a36a245e99eaed800,0.099999,2093,774,0,,0
0xf46a4ed914984923df8c0fe1946c1f2e8b9f50b6,0.09929399999998623,125,473,0,,0
0xa6698106f9af61d624bee0796c0545fc520eefcf,0.0876580000000331,154,343,0,,0
0x82dc92b01c7ff54911842956083795f60f6f64f4,0.0767,3230,697,0,,0
0xd3e3ece7aa0e799fc9bd48319db9a8b71eabddf6,0.06942,845,1757,0,,0
0x78c9ee28f69f57f429168a433772432428882f25,0.06,305,191,0,,0
0xd68c3f92f4a611e17ba67533b7ad3b2e7268e8c2,0.059504000000004,441,238,0,,0
0x7b0b5a326aa4d95968e88654af9b87624383a549,0.05081400000000258,759,552,0,,0
0xacf1222153e2b795cc35c57c32edd8b8eae86279,0.05,998,668,0,,0
0x23987270d1b0d928265124e463fc16c0c8f319e2,0.05,6,24,0,,0
0x412334256907bd3500b2849446be5f8543e8c5b1,0.04530900000008842,60,749,0,,0
0xe65eed1524e5925afaec9cea9ce992b96e315309,0.043615999999929045,194,874,0,,0
0x503db315693eab74d2f4245bb8b491c9e4b16826,0.04097600000000057,222,291,0,,0
0x60c32eec3c9ae00a3466dbee02db4634453a9b3b,0.04,226,922,0,,0
0x3d34026cfe77216f3edbdc5e7506f81e9f18cca7,0.0338299999999947,0,,0,,0
0x3c03d0d06c56495ff60df8d3d832cfe81ca676a3,0.03,78,685,0,,0
0x012e414b3043e5de1714cc0a03fa6e0125efd80e,0.03,468,529,0,,0
0xe4429db6fcc8bc75f54390442630bab2a79487cc,0.02197100000012142,27,46,0,,0
0xb0dccbb9c4a65a94a41a0165aaea79c8b2fc54ce,0.02,368,516,0,,0
0x685c99e8780e5a7f158617cc2e9acc0e45a66120,0.02,734,743,0,,0
0x5c4ce354ba2d582e828deef940515334d870dd7d,0.02,191,673,0,,0
0xfc16f4100850ff91829d3e3d8a169179021d9ee5,0.02,211,434,0,,0
0x17e77ebb0ea5c9d6d5e4fd59740a4f6184147631,0.02,156,145,0,,0
0x507551ae8f089d459322f4c7e67d1567b4fc9e12,0.02,527,469,0,,0
0x52ff0010d4058bb726725ad76f542c53033d67a1,0.013526999999996292,196,1828,0,,0
0x61995ca4b73053e83393b0c127829a00b3c9684b,0.013485,104,477,0,,0
0x2651d865ce09348ddc68b602550f9c9027a30d0b,0.0131279999999947,227,1019,0,,0
0x5853ed4f26a3fcea565b3fbc698bb19cdf6deb85,0.011599000000003912,5254,1227,0,,0
0xffb2d556d654ff461750414d2ebe5808dff85169,0.010994,308,1369,0,,0
0x5b85b47670778b204041d6457db8b5f5d36fa97a,0.010627999999996973,1058,285,0,,0
0xb41884c5ab5b88f3f4b1495639b03d3f1c0f7771,0.010304,89,188,0,,0
0xba750379655f2448d0f7eb3bbce2ac609fb32ef7,0.01,658,686,0,,0
0x23ebd54fd65825e06a6e5aacc1a0b523bfeb748e,0.01,416,588,0,,0
0x3ff338f321a774221992b89c6fd7ace47246a60f,0.01,351,317,0,,0
0xc486131964dba3ad4be1e9cc19e8915f63b50d90,0.01,63,129,0,,0
0x311e49cff57111a7fe2e6d7bdd03874dafa2efac,0.01,25,218,0,,0
0xc5f705ca8f70acc5f3d3db9636558102f528a475,0.01,119,258,0,,0
0x862bb4dae420ad9bbf9292b8915e4bc6a4de6802,0.01,828,228,0,,0
0xbb8574ad63a1159aa774e79d73d18804ddea2f9c,0.01,79,244,0,,0
0xc348866cde4a15b4868ddc932cf474f283395036,0.01,293,253,0,,0
0x5d2d046016d414326aa22c743debcdb0b0ed4980,0.01,53,38,0,,0
0x0449e53aa1a3f75133df621d0ee755d5381a934e,0.01,269,1646,0,,0
0xda9e817a9d8a41b18252ebd0d77b38739ef8df23,0.01,310,752,0,,0
0xafb46441aec7a2c9625c5c89edcb863671e310c8,0.01,274,452,0,,0
0xc2896cb5d245c3886a9a3b40a1c01051980fa91a,0.01,72,1079,0,,0
0xda263667e51f7bdd638abf6d9f67d7327745363d,0.01,136,534,0,,0
0x254c32dcc78185b892b526cacfe855d9b237a349,0.01,61,257,0,,0
0x41951a191ec0c833db8c50c713a07b376d083cc1,0.01,139,1399,0,,0
0xf14cea2ed1a54455dd52f3c68d9711d69e6a5e23,0.01,188,598,0,,0
0x30019fcbbc059f94a63a7ea6cf0b71a1c82fc262,0.009091000000012173,220,215,0,,0
0x46e8611eeab86806c73c241d3cd1807cfae9f4ba,0.008222,82,110,0,,0
0xa312d7e180fbc096e5784b8b7977703942ec82af,0.008027,262,529,0,,0
0x69a8b5652004914a0b5147e364e41b89818b1dd3,0.007438,199,1900,0,,0
0x730ca23bcd88802da1e19766db0a98e005d8fda1,0.005312000000003536,1092,1947,0,,0
0x1778cb9fd8d489c740568a9bf16004d948d9b6bf,0.004560999999999996,657,1869,0,,0
0xa34a426f82a77fc6bb4282242f28d53d58da9fba,0.0041969999999764696,355,806,0,,0
0x82f05c30340bba6ad23e87b1cd811e52114593c1,0.0036959999999908177,155,208,0,,0
0x6e93a55528041013f42fa05bc929e6f366b4e398,0.002079000000009046,114,100,0,,0
0xb1f881f47bab744e7283851bc090baa626df931d,0.0018629999999575375,723,302,0,,0
0x8e0e3d4a18aa44904ebda87c5b42545d1cec2e5f,0.001626,2013,1971,0,,0
0xa6d753341d7bf0edf2b78b912913b8e82611bc84,0.0010359999999991487,37,94,0,,0
0x54cf4bf645d59785ff46f43d37c05f98c68c6be2,0.001033000000006723,334,1841,0,,0
0xf109f3b3a73b8201dfa53ad0039e893c163208f3,0.001,418,374,0,,0
0x2d58788dbc9518c5926e9854e0f02cb433aecd00,0.001,128,508,0,,0
0x3b6f0a19bcc2eb03539338766984845c163f0a39,0.001,38,124,0,,0
0xd3aeb3a729ef9713847696e1363daeb378474c06,0.001,61,257,0,,0
0x34868ed83815aaa53cd1f85032beaee678a9e8de,0.001,876,900,0,,0
0x81ba93b26bce8ca5d649b6607df15e6d45462d8f,0.001,1094,1461,0,,0
0xf222f955ecced246f3181d14fb4629469ceb7681,0.001,194,556,0,,0
0x0fed9abf0d24888ab1f74b452d32558b3d401471,0.00091999999995096,0,,0,,0
0x00c67d56c235eb17bc0e6b39c1a4dc49e75c679f,0.00034999999999740794,12,71,0,,0
0xce2734897240ff52c0cbe1c248a69f540502f0c4,0.00034399999999834563,10,41,0,,0
0x4a28027e230fb6341af1cbbe78dc8a2fa3a682e2,0.00034099999999170905,0,,0,,0
0x7e8b062d0693ee611ca197f3a5ca412559f4a2f5,0.0003019999999196443,1494,885,0,,0
0x79a71b809a5211e5d54380a484241b9e37375f71,0.000289,556,1239,0,,0
0x7944642920df33bae461f86aa0cd0b4b8284330e,0.00020000000017716957,1844,538,0,,0
0xf11cbe536124e17e37db0caa506a52457276f6bc,0.00019600000000252749,280,265,0,,0
0xfac764f39866e52465cf3d1fe8a959a3a9fc6d27,0.0001,337,725,0,,0
0xf96b453acd15b5822a5c3a4ef4211ca58027c672,0.0001,810,660,0,,0
0xf89e33835e0eb0e09666030695b674cdef466e53,5.699999999819738e-05,318,779,0,,0
0x0ffca02a9cb3664ad8d2f54a4e82c2973f3eddaf,3.900000000101045e-05,14,59,0,,0
0xf4b9f2de6f3e77550e897a21c0d5a976b01f862e,2.599999999119973e-05,347,956,0,,0
0x0b3bebd62b1d8b436fadde8666796e2a7b13cc22,2.4999999993724487e-05,135,343,0,,0
0x0e055944263a303385007ae7eb52f5971c8be223,2.4999999993724487e-05,0,,0,,0
0x89e9e55d4ddc6492cdb13afef3eaf44863eedf44,1.6000000002236447e-05,170,112,0,,0
0x698758319f4182bc4ec4823ce31756f6af241ac6,1.3999999993075107e-05,87,321,0,,0
0x2b5469940fa577bc4082c6940ee4d8e97fda1b42,1.2999999995599865e-05,193,275,0,,0
0x431d7e2a90c072d023843059ce9ff2c9941f2ca2,1.1999999998124622e-05,0,,0,,0
0x667fe49fc9109c59d0221359fef0567f1a79ef40,1.9999999949504854e-06,145,472,0,,0
0x4c603bb0785b43336b9ab9b4a00d0f0b8dd301bd,1.000000000139778e-06,43,569,0,,0
0xc4d2344c7d0c50b57e295d16bdce568649c0386f,1.000000000139778e-06,45,222,0,,0
0x69badf095b03d62e97445eb0142e6488d19ff38b,1.0000000000287557e-06,205,61,0,,0
0x680a6114dd343556dbd3fa564f790e2d14b45d5f,1.0000000000287557e-06,878,268,0,,0
0x66d4558facc464930f274df992af771b7b0b3c0a,1.0000000000287557e-06,44,265,0,,0
0xf100022d0812a8cee4382511f53691601c3ce91b,1.0000000000287557e-06,810,710,0,,0
0x0308794cbd50174be3401e08e352960b2e39b9d0,1.000000000001e-06,740,1763,0,,0
0x02842f0c63a52080fe8204163d812c3737f47ae7,1.000000000001e-06,22,211,0,,0
0x58c24c73c5281b473d63b94279a1293415bd2da8,9.999999999177334e-07,34,182,0,,0
0x9f902e72bd7e58270e5c05349a0681fb89c71cfa,9.999999992515995e-07,187,201,0,,0
