owner,wd_time,n_sells_72h,usd_sold_72h,first_sell_time,dumped
0x7122db0ebe4eb9b434a9f2ffe6760bc03bfbd0e0,2023-03-09 19:37:35.000 UTC,10457,1167984440.8413024,2023-03-09 19:37:35.000 UTC,1
0xc79c30ef1941002c54293a028cf252dfb0ddd2aa,2023-03-10 07:19:35.000 UTC,1072,699850554.3406368,2023-03-10 07:19:35.000 UTC,1
0x000000000dfde7deaf24138722987c9a6991e2d4,2023-03-11 18:18:47.000 UTC,1808,311726285.74677676,2023-03-11 18:18:47.000 UTC,1
0x05656db19ec9ff8dfb437475b3d76ca9a29e968f,2023-03-09 15:31:59.000 UTC,126,286964741.32792044,2023-03-09 15:31:59.000 UTC,1
0x00000000032962b51589768828ad878876299e14,2023-03-10 07:13:11.000 UTC,75,181866829.8384237,2023-03-10 07:13:11.000 UTC,1
0xdef171fe48cf0115b1d80b88dc8eab59176fee57,2023-03-09 21:58:11.000 UTC,4215,176656599.6723638,2023-03-09 21:58:11.000 UTC,1
0xdecf04ca46d287b3cb99692ad512e568ba276140,2023-03-09 21:11:35.000 UTC,2176,152258087.15247622,2023-03-09 21:11:35.000 UTC,1
0x2a9152d882ba3fc4265d47447a7a00970f90a25e,2023-03-11 00:06:11.000 UTC,32,133905643.73300464,2023-03-11 00:06:11.000 UTC,1
0x22f9dcf4647084d6c31b2765f6910cd85c178c18,2023-03-09 19:00:35.000 UTC,1037,125958367.97103791,2023-03-09 19:24:11.000 UTC,1
0x795fd0c1fa746b83ee568544a6f3e67c091c8954,2023-03-09 01:23:23.000 UTC,87,63775954.6007148,2023-03-09 01:23:23.000 UTC,1
0xbcb742aadb031de5de937108799e89a392f07df1,2023-03-11 05:17:35.000 UTC,2,25195238.834652223,2023-03-11 06:46:23.000 UTC,1
0xaf8583006743da1ba9b391841cc766767f7a2a84,2023-03-09 23:21:11.000 UTC,24,13175382.259975372,2023-03-09 23:21:11.000 UTC,1
0xb5c4402ff7cbe97785dddc768c4e3a4f033474fb,2023-03-12 01:18:23.000 UTC,3,7074661.119399573,2023-03-12 07:29:47.000 UTC,1
0x3ddfa8ec3052539b6c9549f12cea2c295cff5296,2023-03-10 03:08:59.000 UTC,1,7043213.803640673,2023-03-11 06:34:11.000 UTC,1
0xd8c07491caa1edf960db3ceff387426d53942ea0,2023-03-11 23:33:47.000 UTC,68,5584804.793591917,2023-03-12 01:37:59.000 UTC,1
0x65b86d1dc66dd87704a0613052ff997772307714,2023-03-12 19:15:47.000 UTC,6,3843984.345199599,2023-03-12 19:15:47.000 UTC,1
0xc37704a457b1ee87eb657cae584a34961e86acac,2023-03-09 06:03:59.000 UTC,8,3834323.466350486,2023-03-10 01:05:23.000 UTC,1
0x97e6e0a40a3d02f12d1cec30ebfbae04e37c119e,2023-03-09 13:36:59.000 UTC,2,3630393.6834134622,2023-03-11 00:16:47.000 UTC,1
0xfd245eb623ca59617cfc22b9d02ed98feff10a84,2023-03-13 23:24:59.000 UTC,5,3255816.7414399525,2023-03-13 23:45:35.000 UTC,1
0xa7888f85bd76deef3bd03d4dbcf57765a49883b3,2023-03-10 19:27:59.000 UTC,4,2585526.126066855,2023-03-10 19:52:35.000 UTC,1
0x06404d6684a4f0a1f83967612f93af857113b884,2023-03-10 12:20:35.000 UTC,8,2213213.828480486,2023-03-11 05:21:23.000 UTC,1
0xad0fc281ac377794fa417e76d68788a56e3040f0,2023-03-12 03:06:11.000 UTC,5,2098397.798331684,2023-03-14 19:50:59.000 UTC,1
0xd781f6e33e0ab497979f2e63e517bb16b5cc0843,2023-03-12 03:40:59.000 UTC,7,1971188.937158169,2023-03-12 03:43:35.000 UTC,1
0x6cfdad0772edc2ea15076a9706ec7c1f0a791ac1,2023-03-12 06:31:23.000 UTC,10,1819679.262037527,2023-03-12 06:32:23.000 UTC,1
0x6d172fe4a1f68bf86d5ecc16292a8fd33597e22a,2023-03-11 20:39:23.000 UTC,1,1056878.9603827337,2023-03-12 23:23:11.000 UTC,1
0xec5033232bdf694b3bd1bf57a97579fba3ed508a,2023-03-10 11:04:47.000 UTC,6,920127.5017924723,2023-03-10 11:04:47.000 UTC,1
0xe00e146a5946cacc67d1db5eeb49d9c15e77fe05,2023-03-13 21:53:47.000 UTC,2,757944.2300906591,2023-03-13 22:03:35.000 UTC,1
0x349a01774f22f51ffd46270b48f1fdc85ac9131f,2023-03-10 03:41:59.000 UTC,12,587046.1297491275,2023-03-10 03:47:23.000 UTC,1
0x889cef5559eb8b6a1dbcc445fb479e5530c37d8f,2023-03-13 09:32:59.000 UTC,3,515732.41600070003,2023-03-15 17:08:47.000 UTC,1
0x05e70979fd3355133f91fc7c6597a8274169b3be,2023-03-13 17:24:23.000 UTC,2,500007.16551478696,2023-03-13 17:25:59.000 UTC,1
0xee2826453a4fd5afeb7ceffeef3ffa2320081268,2023-03-11 08:50:23.000 UTC,1,409205.9644567309,2023-03-13 19:57:23.000 UTC,1
0xaf84242d70ae9d268e2be3616ed497ba28a7b62c,2023-03-11 17:46:11.000 UTC,4,381855.66620620433,2023-03-12 09:11:59.000 UTC,1
0x5f0a0e3b30d304fba56e2eee3a442b0bb5c40275,2023-03-14 04:50:11.000 UTC,5,364724.28541664395,2023-03-14 05:01:23.000 UTC,1
0x4fcbfc93319bc4548ac4f7e56e145682f7fccb0b,2023-03-13 00:47:59.000 UTC,3,356075.91367289086,2023-03-13 17:50:47.000 UTC,1
0x8579e8ae97113d3e3973348c4f50fe9f400faf46,2023-03-11 08:33:35.000 UTC,2,355231.595403756,2023-03-13 08:42:35.000 UTC,1
0xb17ffec7d9df05aba9132c1b20f0a50af1d75811,2023-03-11 01:31:59.000 UTC,1,338815.2097283636,2023-03-11 01:32:47.000 UTC,1
0x002183113f3fedc5b494080954e5e8faeb070fd3,2023-03-13 23:03:47.000 UTC,2,321452.8999202517,2023-03-13 23:06:11.000 UTC,1
0x66787a9aa595a75168018bc9137c9907dd54483b,2023-03-10 14:56:35.000 UTC,2,306759.4123047467,2023-03-10 15:06:23.000 UTC,1
0x19e294daf4d9c2e754ef3833a6fea6fee19595ab,2023-03-10 20:15:59.000 UTC,1,295958.8021083025,2023-03-11 01:00:23.000 UTC,1
0x263ff94cdc4913cd36efda07f153ce43860873ad,2023-03-11 01:06:59.000 UTC,1,295040.33152702416,2023-03-11 01:07:47.000 UTC,1
0x2326d4fb2737666dda96bd6314e3d4418246cfe8,2023-03-11 04:16:59.000 UTC,3,294331.3906103912,2023-03-11 05:19:59.000 UTC,1
0x7ac05d7418a1361fac8b27db963d9b33aae1e563,2023-03-11 01:17:47.000 UTC,3,292127.7157446436,2023-03-11 01:19:23.000 UTC,1
0x33415dd9c4a451e12c0493ff9795bd0586c3ec1e,2023-03-11 08:24:47.000 UTC,1,283274.3126944746,2023-03-12 23:24:47.000 UTC,1
0x5cadce51db28ab261e50743feb881a3f7aca0a69,2023-03-10 21:48:59.000 UTC,1,271058.41892631,2023-03-10 21:55:11.000 UTC,1
0xd28000131691f41622c2319a44654f71f2669242,2023-03-12 02:48:23.000 UTC,1,248417.04453799204,2023-03-13 03:23:47.000 UTC,1
0xab1fcd745a47ac783aa959bf1e2486291e5989d7,2023-03-13 00:32:47.000 UTC,1,244952.05959221887,2023-03-14 21:12:47.000 UTC,1
0xa8fec32bcbde1dcac298c79b844e2434f7533e16,2023-03-11 05:51:35.000 UTC,3,242524.04985400318,2023-03-11 06:01:47.000 UTC,1
0xc51e9817754a0d90e5fc1b84f725058fcc350228,2023-03-11 00:10:47.000 UTC,2,234961.47745,2023-03-11 20:53:11.000 UTC,1
0x58294302c4097deb040fc9dd0020042ee546d0c5,2023-03-13 17:04:11.000 UTC,1,213992.21658541347,2023-03-13 17:15:23.000 UTC,1
0xb6651e6bfe8646a62b14395479d21cfa3c8ec23d,2023-03-13 17:16:23.000 UTC,1,204677.9444482779,2023-03-13 17:19:35.000 UTC,1
0x29b05d4cfb2ec3032940b3e5af767e28b4cfcd5f,2023-03-11 04:37:59.000 UTC,5,202965.09340344972,2023-03-11 04:38:47.000 UTC,1
0x5705b71c9581208fbab754562447185b6895f3ac,2023-03-12 05:02:47.000 UTC,2,151065.2126771112,2023-03-12 05:03:11.000 UTC,1
0x27d2791842476060e16b99a9f6ce97a0797c6477,2023-03-11 06:40:11.000 UTC,1,138418.10014537518,2023-03-11 07:06:35.000 UTC,1
0xcae141802e1ea4021414c2010ba3d8a9faee072b,2023-03-11 10:54:11.000 UTC,1,138229.56576,2023-03-11 10:55:59.000 UTC,1
0x85a98f62035b39b0dcbdbb98f5bbe379a5bc4a2a,2023-03-10 20:38:23.000 UTC,1,130108.51854877744,2023-03-10 20:39:23.000 UTC,1
0x113ee41d97416d0afb2915e9c4ed6d4a4e9c299b,2023-03-12 08:47:47.000 UTC,4,127796.45172296166,2023-03-12 20:14:35.000 UTC,1
0x0da62d394cdf09986e43a8c6c3b6125c51d903cd,2023-03-12 18:39:11.000 UTC,2,127669.00919695487,2023-03-13 03:25:11.000 UTC,1
0x81db4ebee2591afbe6826d14fd5501069a10d7c7,2023-03-11 19:06:47.000 UTC,1,116007.54978215323,2023-03-13 14:20:35.000 UTC,1
0x0d42c534b0aafe7c65df3df54cfd68e2b7886f67,2023-03-10 19:05:47.000 UTC,4,104192.6629545203,2023-03-10 22:12:11.000 UTC,1
0xa768005d963da3f9b2f757cb2842cce1141b89c3,2023-03-10 22:49:59.000 UTC,2,102049.19032738921,2023-03-10 22:51:59.000 UTC,1
0x800ecfce7b082eac7c03f1fbd92f2bb00ba8fa54,2023-03-09 22:27:47.000 UTC,1,101781.69326826201,2023-03-10 22:32:47.000 UTC,1
0x001076a29493cf2ace3474bfe308688effaf12cb,2023-03-11 06:26:59.000 UTC,1,100671.09212663099,2023-03-11 06:57:47.000 UTC,1
0x389a1efe7038cec279f2557ee10a2f7a8fd1a76b,2023-03-11 18:03:23.000 UTC,1,99717.19988728571,2023-03-14 05:53:11.000 UTC,1
0x5dfd9cf035baca6fdc164bc4b91223849662e903,2023-03-13 14:23:59.000 UTC,1,99182.09747157282,2023-03-13 14:30:59.000 UTC,1
0x5658d299f18819ec9b03755a8417e312dde3c587,2023-03-11 00:28:23.000 UTC,2,93869.55841421636,2023-03-11 00:31:11.000 UTC,1
0x53241ab547a42f2e7ef722a8ab3cec37165cb743,2023-03-12 22:36:11.000 UTC,6,89352.57818778083,2023-03-12 22:36:47.000 UTC,1
0x3846e7a1a5dea3f43104ed89ff0e6ffd1cc74b6e,2023-03-11 10:58:23.000 UTC,2,85849.1083500927,2023-03-11 10:59:11.000 UTC,1
0x13ac34ca33ae3e040e7fbd64c37926be343d1ab0,2023-03-11 06:50:59.000 UTC,2,81765.50187872184,2023-03-11 07:19:23.000 UTC,1
0x0697f14634b1b5c10a9c258cb98f75b83e44d871,2023-03-11 09:48:35.000 UTC,1,81511.18412092862,2023-03-13 11:47:59.000 UTC,1
0xfca3693dce1930f855ad17b9efd875c4bc2db3b9,2023-03-11 03:45:35.000 UTC,2,79311.33097539007,2023-03-13 12:58:47.000 UTC,1
0x344b9d6f155d3071c0db724aac8ffa11ad70a4e6,2023-03-11 03:17:23.000 UTC,2,72865.20803002546,2023-03-11 03:18:11.000 UTC,1
0x514751f2db32063455aa46397a26686160c9eb94,2023-03-10 17:46:11.000 UTC,1,70196.42959728022,2023-03-10 20:59:35.000 UTC,1
0xd78c609e8e232f346fe06caab29662fa469960e8,2023-03-09 13:17:23.000 UTC,5,69199.67544263779,2023-03-09 13:57:35.000 UTC,1
0xc84a9432572d1ed339091979c7cd3cafdbb86826,2023-03-13 00:03:23.000 UTC,1,68349.14417918988,2023-03-13 01:08:59.000 UTC,1
0x8b7308faf4b79f96b2689fab9570c80f375f6fbc,2023-03-11 01:30:11.000 UTC,1,64337.71984642626,2023-03-11 01:51:23.000 UTC,1
0xcdbf72b53123a63c6d5aaaeb16e6ecffd4db4d84,2023-03-11 11:15:23.000 UTC,1,60455.59478371407,2023-03-14 11:03:11.000 UTC,1
0x478b957619ea4548a6bdbab2fd6494c6e08eb547,2023-03-11 03:57:59.000 UTC,2,60210.023116755,2023-03-11 17:34:11.000 UTC,1
0x6a4d3799c39c3a0103e3ca852d0da1dad4b27683,2023-03-12 23:33:59.000 UTC,1,59861.4,2023-03-15 06:46:47.000 UTC,1
0x3641cbcb65e64e5e9cfbf68d254baaecf694b03e,2023-03-11 06:55:35.000 UTC,1,52809.68417159481,2023-03-11 07:04:11.000 UTC,1
0x42a49dcf7902c6b7938a00cdbe62a112a2b539e8,2023-03-14 17:18:11.000 UTC,1,39416.8141104336,2023-03-15 03:00:59.000 UTC,1
0x65562b673896b1c62e4b2429a9a91c1f010b8977,2023-03-11 01:00:59.000 UTC,1,38476.49636594672,2023-03-11 01:19:35.000 UTC,1
0x56427350a1940eae254575d56f8a569e96e81081,2023-03-10 09:07:59.000 UTC,1,35513.43060949863,2023-03-10 09:07:59.000 UTC,1
0xb70c67d6da9db6ffe565c20339e18edb69140cb8,2023-03-11 21:30:11.000 UTC,1,35212.204999999994,2023-03-12 22:39:59.000 UTC,1
0xac979bfe175a31cf7def1e966122a615d1ccc29d,2023-03-11 11:46:23.000 UTC,4,34714.77415321944,2023-03-11 11:48:59.000 UTC,1
0x8d17c1b895e9c85068fff7f9fa6d35cc3dd594c2,2023-03-09 04:39:35.000 UTC,6,33014.574874738006,2023-03-09 04:44:23.000 UTC,1
0xa9903bda477b9a57bd795adff9922cb98db65f04,2023-03-10 22:06:59.000 UTC,1,30263.48779464537,2023-03-10 23:06:11.000 UTC,1
0xfe948ef9cb915799355dbb04a98300f7ae2d4be0,2023-03-13 17:54:35.000 UTC,1,29957.394362534927,2023-03-13 17:57:11.000 UTC,1
0x498c5431eb517101582988fbb36431ddaac8f4b1,2023-03-10 02:39:47.000 UTC,2,29690.698533438037,2023-03-10 02:39:47.000 UTC,1
0x489e383a21993251f2c73936b8e8e6965f10188d,2023-03-11 02:07:47.000 UTC,1,25798.314216272393,2023-03-11 02:10:47.000 UTC,1
0xf87ea8e1d1fd3c41486b09f5672463a01fb1ec7f,2023-03-11 00:56:47.000 UTC,2,24758.737405319105,2023-03-11 01:05:59.000 UTC,1
0x6fce63859a859a0f30ed09b12f5010d790618ca4,2023-03-11 03:41:59.000 UTC,1,23351.590428955922,2023-03-12 07:42:11.000 UTC,1
0xf32e30f0dc4179098e0ae5194513638918a26191,2023-03-10 12:20:59.000 UTC,2,22277.6800890058,2023-03-11 04:08:11.000 UTC,1
0x0570ab4734e8ba6589295761089bb788ca172fd0,2023-03-14 23:55:35.000 UTC,3,20969.803784617627,2023-03-14 23:56:59.000 UTC,1
0x9365c31430feece3591711bf452fb1fc477cf5c1,2023-03-11 18:47:23.000 UTC,1,20113.39510644534,2023-03-11 18:54:11.000 UTC,1
0x3a4b5efbe6db1d3f364168299bea3c38b5c340c0,2023-03-11 00:47:23.000 UTC,1,19921.76957548457,2023-03-11 00:49:11.000 UTC,1
0x88c9a972f47c82ada656889e5e5d8c97fe3df301,2023-03-12 18:39:23.000 UTC,3,19181.8196398221,2023-03-12 18:40:35.000 UTC,1
0xc4f4f045e4b3b73e570aec1a3213fda943d7c627,2023-03-10 23:10:11.000 UTC,2,18102.73276852678,2023-03-10 23:17:23.000 UTC,1
0x2a08d2692cac04b44a4aed32745a40f9a5671530,2023-03-10 21:06:35.000 UTC,1,17869.560188751526,2023-03-11 00:49:47.000 UTC,1
0x80aca0c645fedabaa20fd2bf0daf57885a309fe6,2023-03-09 12:30:35.000 UTC,9,17827.96682732467,2023-03-09 23:43:59.000 UTC,1
0xb79b77990ef43059cc9f197179c71066a60591fe,2023-03-10 19:26:23.000 UTC,1,17501.329999999998,2023-03-10 19:28:59.000 UTC,1
0xb90973421e3b6bb342838989c86278d4601d42f3,2023-03-09 20:20:47.000 UTC,2,16626.9703889785,2023-03-11 01:38:35.000 UTC,1
0x8827f8c89347607d404c3619f1fedec7971e507f,2023-03-11 03:57:23.000 UTC,2,16348.5703783116,2023-03-11 04:01:47.000 UTC,1
0x135896de8421be2ec868e0b811006171d9df802a,2023-03-09 12:34:59.000 UTC,5,15764.869329612626,2023-03-09 20:01:23.000 UTC,1
0x3b6cee609352c61c9f98bc53c7e221f92519dab4,2023-03-13 10:13:35.000 UTC,2,14807.118282702431,2023-03-13 12:53:35.000 UTC,1
0xdc91dcd5de2aff7eeeb84648ce15db10aaf53ea5,2023-03-13 07:17:59.000 UTC,2,13960.716,2023-03-13 07:48:59.000 UTC,1
0x43582da3013ac31e1fc9e352e10a9380953db608,2023-03-11 09:53:35.000 UTC,1,13925.88008406485,2023-03-11 10:07:23.000 UTC,1
0xd120cf3e0408dd794f856e8ca2a23e3396a9b687,2023-03-14 14:04:59.000 UTC,2,11988.8220703,2023-03-16 01:02:35.000 UTC,1
0x1aab5ad27515409cf96f8ee10c41e2fd8f0365dd,2023-03-10 07:33:47.000 UTC,1,10005.839999999998,2023-03-10 07:37:11.000 UTC,1
0xb1231a4a2dd02f2276fa3c5e2a2f3436e6bfed23,2023-03-11 21:12:47.000 UTC,1,9966.91,2023-03-14 14:28:11.000 UTC,1
0x61a57102f4e2ecd9bce097caef623e6313cc773a,2023-03-10 20:49:35.000 UTC,2,9804.481321162884,2023-03-10 21:41:47.000 UTC,1
0x064ad79d7f835ecfda1047388450137b1cfbdf87,2023-03-11 11:41:23.000 UTC,1,9200.44545610994,2023-03-11 11:54:35.000 UTC,1
0xf9ca66ef84c773fab422562ab41b1ee8d4397418,2023-03-14 16:26:11.000 UTC,1,9181.14,2023-03-14 19:25:47.000 UTC,1
0xf035af8a3dff1f90aeb21f9623589ae1330e9e09,2023-03-13 00:46:47.000 UTC,1,9181.13586,2023-03-14 16:51:23.000 UTC,1
0x9ca9dc54b793928d7a0b0ebb2413d74ba3771d90,2023-03-11 02:49:11.000 UTC,1,8807.661149902644,2023-03-11 02:56:47.000 UTC,1
0x92891f12c9448fec7750aff2eb697a62b87659f8,2023-03-12 13:39:23.000 UTC,2,8045.55240361261,2023-03-12 14:23:47.000 UTC,1
0x78bde1fe54d93d6bc483e160205f4b7e1c7ca5fb,2023-03-11 07:15:47.000 UTC,1,7363.87462970325,2023-03-14 05:14:59.000 UTC,1
0x64895e26b8bd085fe5f56e830ce3f84953594422,2023-03-12 10:00:11.000 UTC,1,6804.4984122476,2023-03-12 21:08:47.000 UTC,1
0xf5f165910e11496c2d1b3d46319a5a07f09bf2d9,2023-03-12 01:40:59.000 UTC,1,5903.358552,2023-03-14 13:12:47.000 UTC,1
0x02bb6041d8620b3547d3c3604e159b4b8968ef84,2023-03-11 14:32:47.000 UTC,1,5668.42081517453,2023-03-11 14:38:47.000 UTC,1
0x56fa49538111351819567b611cb46560d0777a03,2023-03-11 08:18:11.000 UTC,2,5032.040878348326,2023-03-11 08:18:11.000 UTC,1
0xd155ae951285d54a8068d2b5ade9e00eb17e8947,2023-03-10 21:23:47.000 UTC,1,5002.42850572501,2023-03-10 21:24:35.000 UTC,1
0x3e3272ed00fad2890b4374e25b3f4d90f2dd55ed,2023-03-11 01:28:47.000 UTC,1,4958.677238917698,2023-03-11 02:05:59.000 UTC,1
0xc5834255e23a2207916beccda65f17c8a58fef1d,2023-03-11 01:16:59.000 UTC,1,4723.69925,2023-03-11 01:22:59.000 UTC,1
0xa02f419cfa73669acb54c7f18ec506ddfe53e1b2,2023-03-10 22:41:47.000 UTC,1,4482.4266796815,2023-03-10 22:41:47.000 UTC,1
0x26fab83af0f1a06dcccb814fc39408dd83bb89bb,2023-03-09 03:07:23.000 UTC,1,4098.95204945135,2023-03-10 05:15:23.000 UTC,1
0x21d9928b631cbd395ae9d112dec343c3487ba034,2023-03-11 06:54:59.000 UTC,1,3547.865695897774,2023-03-11 06:57:47.000 UTC,1
0x452e4d7fea55d8e329de4628cf016c4edf7dc723,2023-03-11 05:06:23.000 UTC,1,2950.457136,2023-03-11 05:15:23.000 UTC,1
0x24d197db5f5963084c85b4dca98e4acaae83bf16,2023-03-10 23:31:23.000 UTC,1,2928.990789863168,2023-03-11 20:41:11.000 UTC,1
0x50b5acfda38bad3eebb7a82bbd73349589e68758,2023-03-11 06:23:59.000 UTC,1,2639.2499341655002,2023-03-11 06:29:59.000 UTC,1
0x29e3fcb9f4aad6225f359de66f3e81e643ac1dcb,2023-03-10 22:51:59.000 UTC,1,2534.5913798374204,2023-03-10 23:02:35.000 UTC,1
0x4332bcfc3a8df8b89b8ca524068051c8c3bd2c7e,2023-03-11 10:29:59.000 UTC,1,1483.38767029608,2023-03-11 10:32:35.000 UTC,1
0x5c9d6f5de9f0b908f916a77f63c991712095e58c,2023-03-11 14:51:23.000 UTC,1,1428.3279714524826,2023-03-11 14:53:47.000 UTC,1
0xb1e04ac3cc0f70a1a923a1666694ac5cd615ce27,2023-03-10 12:21:35.000 UTC,2,902.1657195816059,2023-03-10 12:25:11.000 UTC,1
0x06f744343545010898eed6e3f0f8f1d9b005e9e4,2023-03-11 00:32:59.000 UTC,1,833.9680111199999,2023-03-11 18:11:35.000 UTC,1
0xe7f8f769bf30de8207019d5520762e453c5691b9,2023-03-12 21:18:59.000 UTC,1,772.91192740138,2023-03-12 21:27:23.000 UTC,1
0x82287cdda3d1b5d26d49ce03280d07b86d54fe54,2023-03-11 07:55:23.000 UTC,4,188.4973,2023-03-11 16:44:47.000 UTC,1
0x84ecf15af6fec307afeab934b46947967bc02d5f,2023-03-12 09:22:23.000 UTC,1,47.506704,2023-03-13 12:41:47.000 UTC,1
0x24c5207c3dbac05629b816ce1f7db17d00b29c15,2023-03-14 08:10:35.000 UTC,1,16.6944,2023-03-14 08:14:59.000 UTC,1
0x634ec66a3794ee24d30490a722c5681bdbac3efe,2023-03-10 23:37:47.000 UTC,1,0.9971759742719999,2023-03-10 23:42:35.000 UTC,1
0x3ff6228d304af00182018a55cb566f22381fcb66,2023-03-11 03:50:35.000 UTC,1,0.9718824360210001,2023-03-11 03:54:23.000 UTC,1
0xfc0a6581f754acf13702c3b68ecd5dc17d690944,2023-03-11 01:35:11.000 UTC,0,0,,0
0xcef154b4dfe2069ffbe02a7fcd3d7f9ed8abd23b,2023-03-11 02:07:11.000 UTC,0,0,,0
0x74bfb9a4d20269f36373e549f57ae0e147c7bfdc,2023-03-11 02:06:11.000 UTC,0,0,,0
0x577b1abe38de35e41243ee14910dffda313f6c11,2023-03-11 04:34:47.000 UTC,0,0,,0
0x3b93e1b9ca252143845ddb08927b83db65f90e26,2023-03-09 06:03:11.000 UTC,0,0,,0
0xf03c3f40348096bf2acf6565893f2cbb9f57e2be,2023-03-11 14:49:11.000 UTC,0,0,,0
0xf45fe78795703606df50e1e86328442a4f2fa6ce,2023-03-11 07:51:11.000 UTC,0,0,,0
0x60ee8465dc43245c6c2989b1089e476d3a0a717d,2023-03-10 13:39:47.000 UTC,0,0,,0
0x630da2db55597a11fa356446852adb5bf522c093,2023-03-11 10:17:59.000 UTC,0,0,,0
0x515c475400859e50f15b57adfa8503821fd794b9,2023-03-14 16:33:23.000 UTC,0,0,,0
0x54dda22ae140edb605c73073eabb6f4aea2fc237,2023-03-13 04:03:59.000 UTC,0,0,,0
0xcd931775f36bf0ceddc20ae8e256838890e49212,2023-03-11 04:10:23.000 UTC,0,0,,0
0x824d120f51c467ba355b0496627bb5942a09030d,2023-03-11 01:13:11.000 UTC,0,0,,0
0x225b6839312fe2b1ef235704da76c7950727c82a,2023-03-11 07:20:23.000 UTC,0,0,,0
0x30bf85e1d0bc7fdedcbeeff39225d8037cb0cb7c,2023-03-11 06:16:47.000 UTC,0,0,,0
0xbe0affe00de6bbdb717d2c7af7f9feb45311320d,2023-03-14 13:08:47.000 UTC,0,0,,0
0x9441deb6e03540cf3be3cfffe227ce4fa6827a4b,2023-03-10 19:06:11.000 UTC,0,0,,0
0x597cd7be3765187718b141cbe9bed26e556f9a95,2023-03-09 05:17:11.000 UTC,0,0,,0
0xa197bbb6984cfeab1f069a6ccb245887c605a140,2023-03-11 02:58:47.000 UTC,0,0,,0
0xca1b2539fcf68a3d913a65d762d379c3e06e7187,2023-03-10 14:00:35.000 UTC,0,0,,0
0x3ffc6017418ca46f5cff9e966c066f7090778665,2023-03-12 16:20:23.000 UTC,0,0,,0
0x6436469cd3a47ccbc33537fe838fba6046c88327,2023-03-12 01:26:11.000 UTC,0,0,,0
0xcbbd0053b3750264e16f9d7116bd0a865f94cf9e,2023-03-11 06:06:23.000 UTC,0,0,,0
0x49f698532fcda7cf7db1293661ef4b6131630cab,2023-03-14 21:57:47.000 UTC,0,0,,0
0xb812d0944f8f581dfaa3a93dda0d22ecef51a9cf,2023-03-11 07:15:35.000 UTC,0,0,,0
0x19fefb693650edafff24f474f0fb5f7804692db2,2023-03-11 00:47:59.000 UTC,0,0,,0
0xac10809033df337446046321fa549ba739f6739e,2023-03-11 11:23:59.000 UTC,0,0,,0
0x3222d1c6624e7a9802b1a5d3ad2c5f7efa3df7f7,2023-03-11 00:59:11.000 UTC,0,0,,0
0x29aba156105eae7420811e7ca880b5c0ced552fc,2023-03-11 14:46:35.000 UTC,0,0,,0
0x3f3646528efcd96849823ec0652ad7e4c1fff812,2023-03-13 13:16:23.000 UTC,0,0,,0
0x9aa09d36be9bceee36b3dc81c0a5137ecf7ea13b,2023-03-10 08:16:59.000 UTC,0,0,,0
0xb295faacfe9d72ce8bd57b8771bad5cd031647dc,2023-03-11 03:41:23.000 UTC,0,0,,0
0x236f233dbf78341d25fb0f1bd14cb2ba4b8a777c,2023-03-11 03:45:59.000 UTC,0,0,,0
0x3ff2d8eb2573819a9ef7167d2ba6fd6d31b17f4f,2023-03-12 03:00:35.000 UTC,0,0,,0
0x6728da53d8bc7c574874745dd2c71b9ae6eae820,2023-03-11 10:49:23.000 UTC,0,0,,0
0x25e6f3e429ab5e859d8fb63d40b1215ea31e9a5a,2023-03-14 12:24:23.000 UTC,0,0,,0
0x30ca7036043b45656954d72c907996ec727e9eff,2023-03-10 23:08:35.000 UTC,0,0,,0
0xb6020901228d73a0a232166a33a1fa2e103960da,2023-03-12 15:09:35.000 UTC,0,0,,0
0xf5e0e56bdeaa89be9ba6166fac3c62cce793754e,2023-03-13 11:19:35.000 UTC,0,0,,0
0x57b8b5a755b0c305418583fbd97a9192e2f3e7af,2023-03-12 23:59:11.000 UTC,0,0,,0
0x906b89c8b896ac490879dc1b1d4d62ff0f7cecf6,2023-03-11 12:09:47.000 UTC,0,0,,0
0x1e7e07e306d8b9e8fde77609744974b66f76f76d,2023-03-12 07:01:35.000 UTC,0,0,,0
0xdcc328b22ef42f27fcfd6898b94bc4dbc9d45686,2023-03-12 00:19:35.000 UTC,0,0,,0
0x231f77f0c4d7a9f2e20767c7b76ae745a6c547f9,2023-03-11 05:14:59.000 UTC,0,0,,0
0xe14cedba68be35861dde3a599fba6a341b1a15af,2023-03-09 20:04:47.000 UTC,0,0,,0
0x6d2bd2272f1637c5efe123ea79ec7790eb79e290,2023-03-10 11:32:23.000 UTC,0,0,,0
0xf84ae79ca9ec37caa896b7985b5302214fd63ed9,2023-03-11 02:54:59.000 UTC,0,0,,0
0xc27e87cfe1fd2ed6f43dfffbb9e9e46428497a24,2023-03-11 21:40:59.000 UTC,0,0,,0
0xb5fb1a63da629c39687d917f4a9bbb49a4e283af,2023-03-14 04:57:23.000 UTC,0,0,,0
0x3fb4024a705fb11d2d426c1e692d50a5a08aa3db,2023-03-12 22:35:11.000 UTC,0,0,,0
0xfa9eed6eb7f5844712a895bc0aa01e025c3906a8,2023-03-11 14:22:35.000 UTC,0,0,,0
0x40f3cbc8f1a5265bfe7ee35d05f79e2828fb6120,2023-03-11 04:52:47.000 UTC,0,0,,0
0x9f8413454c182369c0200f6cc1031903477f752e,2023-03-10 03:12:11.000 UTC,0,0,,0
0x58f92858088842d213eb25e867bb762e5aa5c2b3,2023-03-10 02:25:11.000 UTC,0,0,,0
0x21ad8be781cc3897c2e5c3bf29d20f0db8689a10,2023-03-13 02:21:23.000 UTC,0,0,,0
0xfcb9d62614aef67ddbb2c1c5d5f97546cfb3ca4d,2023-03-11 00:11:59.000 UTC,0,0,,0
0x149538e53d03d97b58d76fe5178b37936d07d547,2023-03-13 18:00:23.000 UTC,0,0,,0
0xc6667fbc8bc22a23bf9c7b30e8506df44b08a6ab,2023-03-10 20:19:35.000 UTC,0,0,,0
0xac7a937546d213c1b98f27484e37181c7d642ac8,2023-03-11 00:15:47.000 UTC,0,0,,0
0x47ad454b0fd0ef9654b3f68dad463f1dc541e6e5,2023-03-11 01:12:59.000 UTC,0,0,,0
0xb483f21dc981d2d1e483192a15fcac281669bf73,2023-03-10 16:25:35.000 UTC,0,0,,0
0x82eb60d17e1b39c97b175777ea1319cd77cfaeda,2023-03-14 10:00:35.000 UTC,0,0,,0
0x0868ba713c6ecd19c483c9a6ea3fab1f107ac916,2023-03-11 20:53:47.000 UTC,0,0,,0
0x850e313c2019946e6562d1ff72cf38ecfc4cdcb7,2023-03-11 01:51:35.000 UTC,0,0,,0
0x777777c9898d384f785ee44acfe945efdff5f3e0,2023-03-09 04:19:11.000 UTC,0,0,,0
0x71e343797a751555d9542a619a5d50fb757b9e6e,2023-03-09 02:34:59.000 UTC,0,0,,0
0x92a63b9b045bd1c48a1ca5505d00acc8e6251ded,2023-03-14 07:11:59.000 UTC,0,0,,0
0x55434e25fafc56e130febd58bad5c3e08b1935e2,2023-03-11 04:05:35.000 UTC,0,0,,0
0xeebd6cc55186e3899719cb2c253113021699efaf,2023-03-13 15:20:35.000 UTC,0,0,,0
0x9ee282880048f4b72bbe67f7c241a66351be79b3,2023-03-12 16:42:35.000 UTC,0,0,,0
0xd54cf7019d0c3159807ccf29760b68de0aa43040,2023-03-12 07:37:11.000 UTC,0,0,,0
0x86aee25955af3e6f750bbc921b7f258b462c9cf3,2023-03-14 10:20:11.000 UTC,0,0,,0
0x76e008471f9a0b9274585fac3ea4fa8a95708f88,2023-03-11 02:30:11.000 UTC,0,0,,0
0x3d850dd2ce37f6c930ff8d0074ace3d63dca246d,2023-03-13 06:11:59.000 UTC,0,0,,0
0x7f2e50105d3eea2247abfe45927a698b0f6a3e38,2023-03-09 09:59:11.000 UTC,0,0,,0
0xbdaed7d215c2d22473b29e16d2d33ab56e9e813f,2023-03-11 15:29:59.000 UTC,0,0,,0
0x6dbdb396f4113870478ec2a328997d2d52f2b565,2023-03-11 23:52:23.000 UTC,0,0,,0
0x28b47a4fffaf0ee72f2ce05b4b6bed6b6aab234b,2023-03-11 07:27:11.000 UTC,0,0,,0
0x8831c5017b1caf6714aedbdcf2b7363f1ae8b188,2023-03-10 20:18:47.000 UTC,0,0,,0
0xed0da42ef260bf6a739a7fb9dda720d5124298dc,2023-03-13 06:55:47.000 UTC,0,0,,0
0xea412e9293df3818fc29272d008da8394cd6c766,2023-03-13 16:07:59.000 UTC,0,0,,0
0xb394e0a990a577f277ddb65547b6399898d78051,2023-03-11 00:50:35.000 UTC,0,0,,0
0xbefa39c4250e44c30d78d438090d7165913e648d,2023-03-12 11:51:23.000 UTC,0,0,,0
0xd932e55f150942d223d66f0bf3a48d8b7c37feac,2023-03-14 03:53:47.000 UTC,0,0,,0
0x551b30bc933e26e098bd2e68d436c24ed39b7312,2023-03-14 11:02:11.000 UTC,0,0,,0
0xda7161b1d0d2e0e174746b61484a5530f95bf8d4,2023-03-14 08:03:23.000 UTC,0,0,,0
0x70fd8c598b1b34a5ddb6c7631bef8a8c94901ec7,2023-03-11 08:58:59.000 UTC,0,0,,0
0x77ed845fe21f72dab1b01dce681592f4bdca644e,2023-03-12 15:32:23.000 UTC,0,0,,0
0x1a5f9d22e1c5f2db941821bf965267b056ad6582,2023-03-10 19:46:59.000 UTC,0,0,,0
0xf7b18e107eb36797f4ce36de756630b9c30969ad,2023-03-10 13:40:59.000 UTC,0,0,,0
0xa98fcd5de486fdc119a9f2a8d1f6ef65bdfb9eee,2023-03-11 05:03:35.000 UTC,0,0,,0
0xc9ff792d842ce164478d810437834725e4aa330e,2023-03-13 13:38:23.000 UTC,0,0,,0
0xe4656c9b852be02c2db0c256403950fdcb6d5f8e,2023-03-13 21:15:11.000 UTC,0,0,,0
0xabbd5b2b0b034781e58434736728b9d0673de7f1,2023-03-10 23:06:47.000 UTC,0,0,,0
0xbbef342e18ec9e084ed6f0ea9aad999ee9bea448,2023-03-11 03:14:47.000 UTC,0,0,,0
0x721088b7ceb39bd622838d5a5fd6bdc286132d89,2023-03-10 06:15:59.000 UTC,0,0,,0
0x0c8f2bc48ca5158bd330c19e7661790d2241c88f,2023-03-13 12:44:11.000 UTC,0,0,,0
0xd343f7e165737fcb70ef33980b9ca1cf4d39fddf,2023-03-11 18:28:47.000 UTC,0,0,,0
0x392057e2845dd19ef14d74ec689b68d3ef61b5c9,2023-03-11 14:31:23.000 UTC,0,0,,0
0x2ed8165b98d35077360d155a26fb8516cdc735ce,2023-03-11 06:01:47.000 UTC,0,0,,0
0xa2c6817b00a8e45ed15438fdb79564316843c6d9,2023-03-11 09:50:23.000 UTC,0,0,,0
0x6843d905eb3e0d21d74fb9966f5196e952e94bb3,2023-03-13 20:35:47.000 UTC,0,0,,0
0x6555e1cc97d3cba6eaddebbcd7ca51d75771e0b8,2023-03-12 00:01:47.000 UTC,0,0,,0
0xd56353e0bdc41ad232f9d11109868703c1e2b2b9,2023-03-13 06:34:47.000 UTC,0,0,,0
0x13dd4c65252274a442428039ae815f3a13e84ff3,2023-03-14 14:18:35.000 UTC,0,0,,0
0x4c1e6893fd2ed1a53c13d4283b2e0b68da5b3594,2023-03-11 04:36:23.000 UTC,0,0,,0
0xa405b9367768a64c1fe42dda97bfdc19954a4198,2023-03-11 00:20:59.000 UTC,0,0,,0
0xb847748c6119d1d91a6613d549d041242cbd1c24,2023-03-12 23:45:47.000 UTC,0,0,,0
0xed576e57ae40d9e8fae69fc5e71db3a9ae66c23a,2023-03-13 20:11:35.000 UTC,0,0,,0
0x885e75c5d7b60ba04efcbd58832863698bc99930,2023-03-11 05:48:35.000 UTC,0,0,,0
0x77fcae921e3df22810c5a1ac1d33f2586bba028f,2023-03-09 02:50:35.000 UTC,0,0,,0
0x97a3dc0d7def4c6549e5fb231f563f23bc9e96c4,2023-03-13 15:24:59.000 UTC,0,0,,0
0x944a4e79b5e49e744eeefe8797717aae9f5b7386,2023-03-14 12:27:59.000 UTC,0,0,,0
0x3eaa246f61e6e29d7ccbfae640e5c79f956a1869,2023-03-12 12:48:59.000 UTC,0,0,,0
0xdfcf36f5c9b254cf08612ee6db9140a9be798176,2023-03-14 03:47:35.000 UTC,0,0,,0
0xd1c04737c664b1baae54021fdbd22b9841c5d9dc,2023-03-11 06:35:11.000 UTC,0,0,,0
0xcd6cf78b351d82c8355f14c6af62f3751cdaaffe,2023-03-12 23:05:59.000 UTC,0,0,,0
0xdd34dfe81821a33f48f2fe757f8bc46a67acae67,2023-03-11 01:06:23.000 UTC,0,0,,0
0xf1511af9c25acd68a26cf85cb87c2a1e5bf4719d,2023-03-11 06:56:35.000 UTC,0,0,,0
0x55319fe07871e5ccb7aa0f27285286d8344d776c,2023-03-12 06:19:23.000 UTC,0,0,,0
0x252dc8969bd5615014b4937ca8312e2abb9449b3,2023-03-10 04:11:59.000 UTC,0,0,,0
0xa1b0780ff495bbc7503ada876b4fefa549bdb418,2023-03-12 22:50:59.000 UTC,0,0,,0
0x86f4d92b25bd0838f36ee1168296def9b904e1f9,2023-03-11 06:44:11.000 UTC,0,0,,0
0x2cfdb51dbb70d51a14bac983a0bbe9b1d9ec4b25,2023-03-10 23:12:59.000 UTC,0,0,,0
0x74b1eac82b7e7b40b28f2a5b195cc21adfc2e458,2023-03-11 08:05:47.000 UTC,0,0,,0
0xe52f5349153b8eb3b89675af45ac7502c4997e6a,2023-03-13 15:17:23.000 UTC,0,0,,0
0x85a7cfb18c0ddaf65776a37937479629f499b5d7,2023-03-11 06:33:35.000 UTC,0,0,,0
0x85e10ef11fe481190d78473a410c0b18d0f538a2,2023-03-11 01:31:59.000 UTC,0,0,,0
0x03f44e71f1cb9afa185535581f4eee5313e85a0a,2023-03-11 07:18:11.000 UTC,0,0,,0
0x39a64e2cc9cd2a04d35db91ca575ea3ec7e50ced,2023-03-12 23:10:11.000 UTC,0,0,,0
0x6b5422143e8abdf03db19c6058de007d27465bd3,2023-03-12 08:06:59.000 UTC,0,0,,0
0xeb1fd48e0bec6b204a085ccd87b8ede81d105d81,2023-03-11 03:33:47.000 UTC,0,0,,0
0x9e01357fb37d4d4c81f2f3807ac9fbbca094dfe8,2023-03-11 05:28:11.000 UTC,0,0,,0
0x23807a3a3aa81c66c91affdab9f84255468e2175,2023-03-11 18:17:11.000 UTC,0,0,,0
0x77131ad1a605ff06c9d9202714dbf5c80eae0d99,2023-03-10 01:19:11.000 UTC,0,0,,0
0xaf884fc78e7446e3e11e8e4c7d4e2085b8aaf956,2023-03-13 02:40:35.000 UTC,0,0,,0
0xdc77b2c59db1b02f988e8e08a60fbe9139447cc3,2023-03-10 21:52:59.000 UTC,0,0,,0
0x2f2bf6a2f1e18d5d6417158412d5b3a513f10bfc,2023-03-11 00:41:23.000 UTC,0,0,,0
0x947610bb87bb6c18e5c366894c4a00899da56793,2023-03-11 15:58:11.000 UTC,0,0,,0
0x4e98844f6d2ab59eb9f4faa09aceae24e12a08a1,2023-03-14 17:08:11.000 UTC,0,0,,0
0x4c09dd7c598b12c781c4b5d74d245a1784a2e148,2023-03-12 22:59:59.000 UTC,0,0,,0
0xf7377f2f9d2f8e096d3ea86331b88047331e495f,2023-03-10 12:52:23.000 UTC,0,0,,0
0x300b5010da0de016dca9f9e544175e2b766917f9,2023-03-13 10:55:11.000 UTC,0,0,,0
0x452f2ff1e89658f53303bff1eb096c1bb696ba39,2023-03-14 03:26:47.000 UTC,0,0,,0
0xb4cc9e7a47c2c12ee765a25e6cfbc302ee99bae1,2023-03-10 20:22:11.000 UTC,0,0,,0
0x13c9d9b81513fe8ef119408f916b74118478cb03,2023-03-11 00:39:11.000 UTC,0,0,,0
0xdba26a609737440456a54c2eeb6feffc4399d986,2023-03-11 23:30:35.000 UTC,0,0,,0
0x61329adc9362b5906a6e098ac01616a70fe57080,2023-03-10 17:51:11.000 UTC,0,0,,0
0x37beeeafff5908ede909bfebf106dd20b0c929b8,2023-03-12 04:17:59.000 UTC,0,0,,0
0x21991dff8d1cd756482411dd1eb00a455e00aa61,2023-03-11 13:42:47.000 UTC,0,0,,0
0x4448233dea57c8a7388b07b73c3c68c64dcfe4a4,2023-03-14 18:32:35.000 UTC,0,0,,0
0x580e0f838a94d413e5c71a3b0b736a5416852060,2023-03-13 21:26:23.000 UTC,0,0,,0
0x176f3dab24a159341c0509bb36b833e7fdd0a132,2023-03-11 05:06:47.000 UTC,0,0,,0
0x6db7dcf200c2a26ab93a7a15e8c51714769785b6,2023-03-11 21:01:11.000 UTC,0,0,,0
0xd31fde46afce438662cac68765dfd5a19dbc168c,2023-03-14 00:04:35.000 UTC,0,0,,0
0x98b8f0bb1603f175ef24672e32067239e76e2f3e,2023-03-10 02:08:35.000 UTC,0,0,,0
0x1e121993b4a8bc79d18a4c409db84c100fff25f5,2023-03-11 13:37:11.000 UTC,0,0,,0
0xcc78aee7230ec54290931ccc986a2de2c0dc4d5f,2023-03-11 00:35:11.000 UTC,0,0,,0
0xc1d64016878041269472dd1d2cb787b91879bc08,2023-03-11 05:16:35.000 UTC,0,0,,0
0x83a78043f6924b3dff0f930cc900d255940694cd,2023-03-13 22:54:23.000 UTC,0,0,,0
0x200a670dc65045f228016e5390f4628f1e1e0971,2023-03-13 10:53:23.000 UTC,0,0,,0
0x4986d3b5160032ab7df0fac9503f6a2360f3f888,2023-03-10 22:53:35.000 UTC,0,0,,0
0xa959e09038f93afe879748aa66b87133a9d1b89b,2023-03-11 16:05:11.000 UTC,0,0,,0
0xe027529a06292deff5a55a8d1c7f68d5efe8116e,2023-03-10 19:19:11.000 UTC,0,0,,0
0x4d0e439ba905eb39aee88097433add619cf5257b,2023-03-12 09:34:47.000 UTC,0,0,,0
0xb44373deb287e83ba5fd8909f4076c9b9ccf0ec4,2023-03-11 19:47:59.000 UTC,0,0,,0
0x74b212c32b36df131cc3a51a2b4966dac88e2612,2023-03-10 16:21:35.000 UTC,0,0,,0
0x86e7b4a5d65929794723ccd7b80a0921b3efbab3,2023-03-13 15:23:47.000 UTC,0,0,,0
0x307111465e4cedd89fa28b9768981b8768a3cabe,2023-03-12 03:29:47.000 UTC,0,0,,0
0xc814db50d7543d0f4aa8d8e5cedcf4a40f8dc7f9,2023-03-13 12:42:11.000 UTC,0,0,,0
0x28a98f260d1096290a54b45e3a15e53a5b39acc2,2023-03-11 00:56:23.000 UTC,0,0,,0
0x84887512c5c34bf478d4b963d0aec18d7cd590b5,2023-03-11 03:46:11.000 UTC,0,0,,0
0x97f141e3ba9b06a656e30c2cd34b18e5c3c940d7,2023-03-10 18:28:35.000 UTC,0,0,,0
0x54dc6782d6fc5fc05f8486d365186ff25cc44ba7,2023-03-09 11:32:35.000 UTC,0,0,,0
0x11584d6aaebfdbf48cd5a11599bf40b5bc386837,2023-03-11 05:26:59.000 UTC,0,0,,0
0x7c7748726efb0ca3e43b6bdb237bced04b237bf9,2023-03-11 00:37:59.000 UTC,0,0,,0
0x295e5ee985246cfd09b615f8706854600084c529,2023-03-11 08:26:11.000 UTC,0,0,,0
0x8a26ec0065cb68aac898d588d82f90d6bddc3577,2023-03-10 21:14:23.000 UTC,0,0,,0
0x59ef69408d8008d70f5e5e57faaafba33cdd7817,2023-03-11 18:56:11.000 UTC,0,0,,0
0x457260032891f12182243dc37ca21723397d7702,2023-03-11 11:20:23.000 UTC,0,0,,0
0x1f771818c74a052226c01ebad909640a3fd97b43,2023-03-11 04:37:11.000 UTC,0,0,,0
0x0645736eecfe8b572cbabb885eaade641b659846,2023-03-11 01:40:11.000 UTC,0,0,,0
0x89b8b20ae90328692cd367f75aafadf55fd33e8b,2023-03-10 23:47:11.000 UTC,0,0,,0
0x42ee06b7b2075834a7d7eb22ffaca3bd55e677e7,2023-03-10 23:17:11.000 UTC,0,0,,0
0x8577b84527ced5d2d9f299dc6027a9e049c17d6c,2023-03-13 22:58:23.000 UTC,0,0,,0
0xa0814dda3d2d94b03be1a820623606b826974328,2023-03-10 18:19:59.000 UTC,0,0,,0
0xcece8e0c2ebed9bc18ce2184ff87b91e7fe33022,2023-03-11 15:57:23.000 UTC,0,0,,0
0x438bbff80252c9c959797d0180a5c868e1a86c91,2023-03-13 02:30:11.000 UTC,0,0,,0
0x7a82d89ba1fbe691ade48bd2ab893adfe635fb73,2023-03-11 08:35:59.000 UTC,0,0,,0
0xd2bdd90629351cc1cd4427917ae23f97fd9d9933,2023-03-11 11:46:23.000 UTC,0,0,,0
0x50b1ba98cf117c9682048d56628b294ebbaa4ec2,2023-03-09 01:30:47.000 UTC,0,0,,0
0x5fe9a4b3f61cee4ea2b784156174c9e945ab73f6,2023-03-13 11:56:35.000 UTC,0,0,,0
0x67e5ab5b573f01030a1076dda7a79ef0f31a1bfa,2023-03-12 22:26:23.000 UTC,0,0,,0
0xf2e8666155003c8df650df6e6e1866810e81a391,2023-03-11 07:55:35.000 UTC,0,0,,0
0x959817a28f6389398562c281093263c15433f04c,2023-03-11 02:55:23.000 UTC,0,0,,0
0x3a6c9affc26cac6a12e342b578b21bf46711ff30,2023-03-12 07:39:23.000 UTC,0,0,,0
0x6386e4a9fc80b3f69f2cdbf5ce3bf3777d7c1335,2023-03-13 19:51:47.000 UTC,0,0,,0
0x0b0d9ead392c2fa1abc7b0ca2f40b7415ad21b3e,2023-03-11 00:35:35.000 UTC,0,0,,0
0xce37eb1ad20646ad4b16cd5ffcbd6e25799ce84b,2023-03-14 22:04:11.000 UTC,0,0,,0
0x70af3b006c0588d83c497caaa86b107d09da33ac,2023-03-13 11:34:47.000 UTC,0,0,,0
0xf1f304def83d6cf4680a81c49cac184a8119a538,2023-03-10 08:39:47.000 UTC,0,0,,0
0x7e07d5e8205296f758611b2455b5d4f0140cfd4c,2023-03-14 08:15:59.000 UTC,0,0,,0
0x72b46620c24e07465af9529c6e1b5fbabf4b0ce5,2023-03-11 08:43:11.000 UTC,0,0,,0
0xea786fea9c79a8a9f8cf66b53222c9cda11aeed4,2023-03-11 00:41:47.000 UTC,0,0,,0
0xafc258cc5c411f30042d6cdb196727365aec118f,2023-03-11 08:25:35.000 UTC,0,0,,0
0x72c28483c197a5dcc63e752e5813f2c6d5900f5c,2023-03-11 22:33:59.000 UTC,0,0,,0
0xbdca9afcd893e670c5571d1a1418e2c00e1c244f,2023-03-13 11:39:11.000 UTC,0,0,,0
0x1e5babfaca734ee68ef242863d46eb20e486220b,2023-03-10 16:15:47.000 UTC,0,0,,0
0xb619c9f4d833b7aba7b49735524b3671c8281f73,2023-03-14 08:27:11.000 UTC,0,0,,0
0xd0acc1314f680599dc1a81c04f5b4f9cede43d9c,2023-03-09 03:41:35.000 UTC,0,0,,0
0x8a72c47f190f2118227a83da784a2ce45c54f484,2023-03-11 18:28:11.000 UTC,0,0,,0
0x07dcf593ebc5e9204cdd80c5ba2e904e650884f9,2023-03-12 23:43:23.000 UTC,0,0,,0
0x109bec951942742fcbd1e5b82b93480d436ebf71,2023-03-13 05:36:23.000 UTC,0,0,,0
0xb41f6d0832f70282229916e788676a9cd92d9192,2023-03-11 12:52:11.000 UTC,0,0,,0
0x50a1596e29c73708ec6416fce33615dd65e00ecf,2023-03-09 05:00:23.000 UTC,0,0,,0
0xa9f70d8714607da6edd8fdb14aec46f530424670,2023-03-11 14:58:47.000 UTC,0,0,,0
0x33e3de2aacfa7d0b4ccddd25bb1ed278b3aa375c,2023-03-12 23:43:11.000 UTC,0,0,,0
0x943a6eda303f63efdda7bf9028f860b87a247869,2023-03-11 03:32:11.000 UTC,0,0,,0
0x1111567e0954e74f6ba7c4732d534e75b81dc42e,2023-03-14 22:19:11.000 UTC,0,0,,0
0xd09f16830172e6073e8e5ee5053f35010f1c7d7a,2023-03-10 10:37:47.000 UTC,0,0,,0
0x0802aadddcee28121ad83789910f13fa2fbe03c3,2023-03-13 00:54:23.000 UTC,0,0,,0
0xd00c12caf6c4a25a76095ca1b3cbfbd8066d2888,2023-03-13 05:53:47.000 UTC,0,0,,0
0x1e55e17fd7ced07f17a0a7ed3e02170b2fc2863a,2023-03-14 11:07:47.000 UTC,0,0,,0
0xefe7954ee2540a114254a66da1e422f3115c5cc2,2023-03-11 15:20:59.000 UTC,0,0,,0
0x306afb39b284c8a7ddb8e63553f16f3670555024,2023-03-11 04:37:59.000 UTC,0,0,,0
0xe8bf23b048392ae85a2d42650be3ef9c22f1e5dc,2023-03-11 06:39:23.000 UTC,0,0,,0
0xdfca609ea3e046d77c543f6c8d68f42d40dd8d29,2023-03-11 06:30:35.000 UTC,0,0,,0
0x424f8ae5f46eb266ee8df894a544d919afa9db7c,2023-03-12 10:22:23.000 UTC,0,0,,0
0x181fb2ce9405a8d19e94c990c3272605399e7d00,2023-03-13 13:22:59.000 UTC,0,0,,0
0xc15a216f3ccea52ead7f7833f9ee9ca9840bd8da,2023-03-11 14:29:35.000 UTC,0,0,,0
0xd236bad6a6825e620d7d1f0f17de2c2231f20ed1,2023-03-12 08:05:47.000 UTC,0,0,,0
0x38caacbd3c383430d9b667bc5c78416e391b4981,2023-03-11 06:19:23.000 UTC,0,0,,0
0x511aadd1c963d316151f2913aac1fac70993302d,2023-03-12 16:03:11.000 UTC,0,0,,0
0xb0fc7e314b06ea9975494a5ea198c87b2034576b,2023-03-13 17:33:47.000 UTC,0,0,,0
0x03fb5c55aa9776df47a0bab65150b710fee25a5c,2023-03-14 05:48:59.000 UTC,0,0,,0
0x0d3d815ef4c27ad2b0ca39b98bbecd04bddc25dd,2023-03-11 01:55:47.000 UTC,0,0,,0
0x4af79ffcabb09083af6ccc3b2c20fe989519f6d7,2023-03-12 18:09:23.000 UTC,0,0,,0
0x94e61aea6ad9f699c9c7572b1a2e62661fed98b6,2023-03-10 18:48:35.000 UTC,0,0,,0
0xe40f234ce53ba37dd1b514d2ce5d40f611cbaadf,2023-03-12 12:45:23.000 UTC,0,0,,0
0x7aed4270c0bccb3990e09a5d7f02fd378b477e7b,2023-03-11 02:00:35.000 UTC,0,0,,0
0x2c81be91de7e3ba6a46b7d9778a3da0e7e4c68d0,2023-03-14 00:41:35.000 UTC,0,0,,0
0xec32a1b6517b870a0daecc0be1d17a527187039f,2023-03-12 05:21:11.000 UTC,0,0,,0
0x4226e5b810006184abf8695b821d5de7c44e8c7d,2023-03-11 18:21:47.000 UTC,0,0,,0
0xd1adb83cd6390c6bbd619fdd79fc37f9f58f1a4c,2023-03-11 14:13:59.000 UTC,0,0,,0
0xbcf536c4d3dbb80dcc18ae2fd0ea8d1fd91d4d46,2023-03-11 09:49:47.000 UTC,0,0,,0
0x09b8297e09ad7b5c29a268181212da0db8cd531d,2023-03-11 14:02:23.000 UTC,0,0,,0
0x0b996503168dde81b20cfc20344c4a496c38a789,2023-03-09 12:46:23.000 UTC,0,0,,0
0x57655b342b7bf1a1134b572e43eb62bbe56bf7cf,2023-03-14 12:18:59.000 UTC,0,0,,0
0x7d31bf1def6d2f92c7cb2ea75be1d29fc30ccbeb,2023-03-13 23:39:35.000 UTC,0,0,,0
0x0eb63e63d9a849699d36fcbcaa3a2ad67a0cb17b,2023-03-11 15:37:35.000 UTC,0,0,,0
0x401d373e5b4739a705daa487dc2c57a474c27465,2023-03-13 19:20:23.000 UTC,0,0,,0
0xc5417a0fe9a7f41864fddfd639980f58fa511cc4,2023-03-11 07:50:23.000 UTC,0,0,,0
0x09172085b23eb60434b863edfc030efd0e44b25d,2023-03-11 08:43:59.000 UTC,0,0,,0
0x3527606b4317bb8b10c66aa19461095376502c5c,2023-03-10 21:03:11.000 UTC,0,0,,0
0x04dcaaa85569cbfd5bcae97d7db72d8334fc51e5,2023-03-12 02:59:23.000 UTC,0,0,,0
0x28fd0fa5dc7364cc66a9e68566382e246c439cc6,2023-03-13 19:03:35.000 UTC,0,0,,0
0x119454fcd0c84b3e44cec59a718848c70987935f,2023-03-11 08:07:59.000 UTC,0,0,,0
0x0781567c167397bf2e837dba7b77c7335564e8aa,2023-03-11 04:39:35.000 UTC,0,0,,0
0xb20d059071740e9fcc0994d1cae3cc872d6a6a9c,2023-03-10 12:26:47.000 UTC,0,0,,0
0x2de640a18fe3480aa802aca91f70177ada103391,2023-03-09 22:48:59.000 UTC,0,0,,0
0x0de2f0edffe9b741db54d1ba8246919f93537745,2023-03-12 17:49:35.000 UTC,0,0,,0
0x24efeb8c36c9301765a22a4f45e2e5a4dac42a1a,2023-03-11 06:47:59.000 UTC,0,0,,0
0x11dbf181dd5c075c2abd92cb9579c4809406b5be,2023-03-10 20:09:23.000 UTC,0,0,,0
0x16f037a3ddf53da1b047a926e1833219f0a8e1fc,2023-03-10 20:30:35.000 UTC,0,0,,0
0xa68fdc30fa98a55a139b8e32f9a601ab9bdcfac3,2023-03-10 08:38:59.000 UTC,0,0,,0
0xd866ddb9c64d9a01d3aad76e953f9649436fe977,2023-03-10 00:37:35.000 UTC,0,0,,0
0xe3786bf25e15013fdda09dbe881529d44b9ca239,2023-03-13 12:27:47.000 UTC,0,0,,0
0xa931b486f661540c6d709ae6dfc8bcef347ea437,2023-03-11 09:25:23.000 UTC,0,0,,0
0x2de9d6f84e28f3a347b97c6a3db51d366e65ba4c,2023-03-13 06:38:11.000 UTC,0,0,,0
0x67e424725002c3b560cd2585f13281bd5a5fc61a,2023-03-10 20:33:59.000 UTC,0,0,,0
0x36ba42b4bdb2fc5060af7793885c8831b0837ab8,2023-03-11 05:43:35.000 UTC,0,0,,0
0xfe13988736d95d052c2e45e5b4e1ef2e2750b7f4,2023-03-13 11:26:23.000 UTC,0,0,,0
0x7817c4100e8e51c147c7b7eac1259abbdf47e7f0,2023-03-10 18:40:59.000 UTC,0,0,,0
0x446c48d35514e8e4bfb610920c278e986b793914,2023-03-11 13:00:23.000 UTC,0,0,,0
0x78a8f7593d0e59813cf50e7ca9cb29880303087c,2023-03-11 13:16:11.000 UTC,0,0,,0
0xdfdbc029340e33a00528fc63fe93b2c71c399693,2023-03-13 15:48:59.000 UTC,0,0,,0
0x91719dad3b3e2aa9ffe1c1cd2bcde0112dd9b474,2023-03-10 20:30:59.000 UTC,0,0,,0
0x0ac619a43eb536b8522c6e39403a47a495856c5e,2023-03-12 09:52:11.000 UTC,0,0,,0
0x5539ec7cf9c6d54d7e0303db372954168a369dc9,2023-03-13 13:30:23.000 UTC,0,0,,0
0x27d876a74b9a4b58b90c638da09fe0c358c38975,2023-03-11 22:38:11.000 UTC,0,0,,0
0x262194243629062dac3abeec491305132d47b477,2023-03-12 14:31:47.000 UTC,0,0,,0
0x279d84091e99daf1cbed178e4b5ef3718e52014a,2023-03-09 20:43:11.000 UTC,0,0,,0
0x2a9cae3639f333dccb4ecc0617bc47a93a2b8eeb,2023-03-10 16:54:11.000 UTC,0,0,,0
0xe43a0e64661844746a0ebd990bedf53f1e738bc9,2023-03-13 19:28:47.000 UTC,0,0,,0
0xf76b1ed3e35c6e7c04ab2098001bf7909fd252a3,2023-03-12 20:50:23.000 UTC,0,0,,0
0xefa555fb56a4677d38a84bccf8d5893d2836576a,2023-03-13 05:24:47.000 UTC,0,0,,0
0x46fc87fc5a722f91651aeca1dfbb8be46aceb101,2023-03-13 01:28:47.000 UTC,0,0,,0
0x4855aecf5e4779156789e81f81591a4ac376e202,2023-03-13 11:40:47.000 UTC,0,0,,0
0xfa4fc4ec2f81a4897743c5b4f45907c02ce06199,2023-03-13 14:33:35.000 UTC,0,0,,0
0x3c9ea5c4fec2a77e23dd82539f4414266fe8f757,2023-03-13 05:10:35.000 UTC,0,0,,0
0x0038af98d4c3f015f944155850adb56cd207c76b,2023-03-11 16:01:23.000 UTC,0,0,,0
0x516e5b72c3fd2d2e59835c82005ba6a2bc5788a4,2023-03-14 15:38:59.000 UTC,0,0,,0
0x8f564c7272177663309f704065ffb59f403d96a1,2023-03-11 19:00:11.000 UTC,0,0,,0
0x7b5161bde57c6c17a5d4f53c83a7475301601240,2023-03-11 20:16:59.000 UTC,0,0,,0
0xfb1418d8cd3f24c47f619fe7a8915a6b61e5989f,2023-03-11 23:55:23.000 UTC,0,0,,0
0xd79fe5ca182b112e62d1466068b572493b88cb24,2023-03-09 08:09:11.000 UTC,0,0,,0
0x9a25d79ab755718e0b12bd3c927a010a543c2b31,2023-03-13 09:19:47.000 UTC,0,0,,0
0x002525a77d262dd11ec63c9146a821b11564ce29,2023-03-09 22:17:23.000 UTC,0,0,,0
0xc7f617bfbe2bdd0d113e77a5959e2b5bb5619846,2023-03-11 00:03:11.000 UTC,0,0,,0
0xe7e3c596c65e8c27242e2fb65660ada4971b04ae,2023-03-12 19:12:11.000 UTC,0,0,,0
0x94cb486eb43ba23159a7debac920b0fa7cb476fa,2023-03-11 06:49:11.000 UTC,0,0,,0
0x6193ab7352f01af1914e58db81dc7dc3d8904261,2023-03-12 01:20:11.000 UTC,0,0,,0
0xfed48f848e35dee87218c802f07e991d45860f35,2023-03-12 19:43:11.000 UTC,0,0,,0
0x3f37f1d07ebba3ebb40e796eb6955503912409d3,2023-03-12 21:53:59.000 UTC,0,0,,0
0x88753b6509fb3156cd6aab4b8358588ff9f2ed62,2023-03-14 10:36:35.000 UTC,0,0,,0
0x233c30557debee2779ac6254d7caf0c523b38831,2023-03-10 21:09:47.000 UTC,0,0,,0
0x159c1fcc4aa34ffcd0cb9e5a6d34051a82c119b0,2023-03-11 22:15:47.000 UTC,0,0,,0
0x127e0464b6eca624f09b9292c4f33e4a829ea5d9,2023-03-13 01:41:59.000 UTC,0,0,,0
0x66b870ddf78c975af5cd8edc6de25eca81791de1,2023-03-11 10:02:47.000 UTC,0,0,,0
0xb7f71eeb90ba9fafa61f5bb157210d161c3984da,2023-03-13 12:02:35.000 UTC,0,0,,0
0xd0f82e5c2bcad488535d579d70862c05caf68e15,2023-03-13 17:01:23.000 UTC,0,0,,0
0xc75b143301cf47a3ad096ed904f5e3f0831a57fb,2023-03-14 15:25:47.000 UTC,0,0,,0
0x13873fa4b7771f3492825b00d1c37301ff41c348,2023-03-10 03:03:47.000 UTC,0,0,,0
0x32e8d4c9d1b711bc958d0ce8d14b41f77bb03a64,2023-03-10 05:15:23.000 UTC,0,0,,0
0xb0399dac8f4d4100b49b2a7b3873481114229d18,2023-03-12 23:26:47.000 UTC,0,0,,0
0xb5445fd92d56241592086ee7445f3ea54510ea96,2023-03-11 13:47:59.000 UTC,0,0,,0
0x1bf3830ec2dd2034cf75049b16de186336ee368d,2023-03-11 03:53:23.000 UTC,0,0,,0
0x0ce7a2723f85d55d60fdf68ab3749ee85eae1001,2023-03-11 02:18:59.000 UTC,0,0,,0
0x87f3838742e5ff8958d7ce92aff4ecf07a1edcc8,2023-03-11 08:57:35.000 UTC,0,0,,0
0xc9cce03b4a39ca38344be4b071b773072d906666,2023-03-11 14:31:47.000 UTC,0,0,,0
0xf1119caa3d3fcff3dff32e8164878e6898ff0bf0,2023-03-10 01:31:59.000 UTC,0,0,,0
0xf362b9af46e734a37f422c4a3a14e945cbf992d1,2023-03-14 04:33:23.000 UTC,0,0,,0
0xbd64fdd80451ebf63907c84fa1451e1e7922471f,2023-03-11 01:53:11.000 UTC,0,0,,0
0xee7ca610d896c53ffe716b801c05748efd902954,2023-03-10 01:20:35.000 UTC,0,0,,0
0x3647b8d438feb4af8d5a6873f51fd19e1782dae0,2023-03-14 12:55:35.000 UTC,0,0,,0
0x985600507c788bf052badada9a7e02d776f95d17,2023-03-10 20:44:11.000 UTC,0,0,,0
0xcb43812d4526e0a855c70ba886d01dd7d44b94e8,2023-03-14 09:47:23.000 UTC,0,0,,0
0xf471cb4abb22e416e44533ac5b2c9cf3747ac9d2,2023-03-11 18:57:35.000 UTC,0,0,,0
0xce4a3cf42687c08308641969b4ecd60293ed03ff,2023-03-10 20:49:35.000 UTC,0,0,,0
0x7e23c6ab8e21213f4a470df979d8e7348d30f756,2023-03-13 13:00:47.000 UTC,0,0,,0
0xc76360fa705335e60c2b8b17d4556c935c597199,2023-03-12 19:32:11.000 UTC,0,0,,0
0x74b3691ebc3fb083e36065a1986d6c490b13e95a,2023-03-11 01:33:35.000 UTC,0,0,,0
0x8072a79785418ab2920b354174d11d2ccd400148,2023-03-11 07:16:59.000 UTC,0,0,,0
0xf5e2d071c564bd31ae06badcdb6d1201ae3fb2dc,2023-03-14 07:59:47.000 UTC,0,0,,0
0x0abbf77da112cd7f0316663aca1a1107cb4ef6d7,2023-03-12 21:14:59.000 UTC,0,0,,0
0x8b8308e2a7b99e1c2cfe08f9a105f1def360c8b7,2023-03-09 08:10:23.000 UTC,0,0,,0
0xe41db1e904d33b4de80af9d27436f1e86f4a3eff,2023-03-10 10:57:47.000 UTC,0,0,,0
0x9178558bdc75b3ac1ba78d9cba989a5532e06679,2023-03-10 22:42:23.000 UTC,0,0,,0
0x6a7dc166975e25098fe30c26242517d9dba1f771,2023-03-10 19:15:59.000 UTC,0,0,,0
0xdebf20617708857ebe4f679508e7b7863a8a8eee,2023-03-09 06:13:23.000 UTC,0,0,,0
0x03a76f1dd992dd58314c399e33065fd5434b71d7,2023-03-11 09:22:23.000 UTC,0,0,,0
0xdcd0f3a9e286f15ec534bf85d82fca936265bf1f,2023-03-11 05:17:47.000 UTC,0,0,,0
0xd093fa4fb80d09bb30817fdcd442d4d02ed3e5de,2023-03-10 21:30:59.000 UTC,0,0,,0
0x9be49fb0c8b86c5cd35b79a9f04cf537ba9f1710,2023-03-11 14:25:47.000 UTC,0,0,,0
0xd688d9553389384555b3c3f7a351a885f73c1dc1,2023-03-11 12:48:59.000 UTC,0,0,,0
0xe8be34e506193b754e1f7bc9fcf90bc390d6c3ee,2023-03-09 22:11:11.000 UTC,0,0,,0
0x6abbf31304371b64ad96652c4dfdbae989656ddf,2023-03-11 09:05:35.000 UTC,0,0,,0
0xa4ca1b15fe81f57cb2d3f686c7b13309906cd37b,2023-03-10 23:14:23.000 UTC,0,0,,0
0xc7373c864c5764dd0674e6dfc7641e5142ae38c8,2023-03-10 20:48:23.000 UTC,0,0,,0
0x7cb62ef8c140de49cf3298e5b5b9e3c117848dfa,2023-03-11 08:49:23.000 UTC,0,0,,0
0xeeef86fa450f05426d9e6d7a59466e15766b6560,2023-03-11 09:59:35.000 UTC,0,0,,0
0x512daa85f8d2c863d0cfc8f65ab7842629d409f6,2023-03-11 07:44:47.000 UTC,0,0,,0
0xa0894a415c4f246ce95bae718849579c099cc1d2,2023-03-10 10:02:23.000 UTC,0,0,,0
0x08c584f87f4ab9c0d2fce05f276535cd3fc668fa,2023-03-11 03:04:59.000 UTC,0,0,,0
0x09961f52710671b845327ab7f844ebef7ac6ea47,2023-03-12 22:38:23.000 UTC,0,0,,0
0xb748952c7bc638f31775245964707bcc5ddfabfc,2023-03-09 10:21:23.000 UTC,0,0,,0
0xe4414756f4115aa1d83294ebab73910e6bcc0206,2023-03-11 01:52:11.000 UTC,0,0,,0
0x15441e298a22ba6d4e95b77a3f511e76dbade87f,2023-03-12 20:13:59.000 UTC,0,0,,0
0xc3c747d7acf6f7d097faffa7053ff97910c8a52d,2023-03-11 11:25:35.000 UTC,0,0,,0
0x7fb9f4195ca327b8b4e1843a0ff4522d9393c577,2023-03-12 07:12:35.000 UTC,0,0,,0
0x1032ffa8a8a0abb6134839f8c4a1944c91a8a68a,2023-03-13 01:16:47.000 UTC,0,0,,0
0x1cd14801537a3d1550b7e30a9ed59bf68d8cbc84,2023-03-09 21:18:59.000 UTC,0,0,,0
0x0353da8b9b67cfa5b41dd29e6da4fa171da02a99,2023-03-10 01:19:23.000 UTC,0,0,,0
0xcb63e4f7080506fcc33fc44072a3600bdd81f165,2023-03-13 00:02:47.000 UTC,0,0,,0
0x2fd55b9133b3343d52a2d38e30a43db9126b1eb4,2023-03-12 19:21:47.000 UTC,0,0,,0
0x3ee8a025fb8cf12a0a6c6027fd40caabbbd8e2fb,2023-03-09 15:36:35.000 UTC,0,0,,0
0xa0e712aed150d0afbcbedc83a1b9a903b621b42e,2023-03-11 18:11:59.000 UTC,0,0,,0
0xdafca7a5e3b67b8f36c1fdd7691ed85bbb54cc18,2023-03-14 14:46:47.000 UTC,0,0,,0
0xbf2be2410a02eaacb81d979c48c4200434e015bd,2023-03-12 15:10:59.000 UTC,0,0,,0
0x55fe70792bfa23a8907e6e666f5e3415f2fd3ab5,2023-03-10 01:28:59.000 UTC,0,0,,0
0x2674341d40b445c21287b81c4bc95ec8e358f7e8,2023-03-11 01:34:11.000 UTC,0,0,,0
0x1fb22b11edb72229edbab4fc609090db0b4db422,2023-03-14 02:07:35.000 UTC,0,0,,0
0xc80641bfb3a567e266605323334114307eb9c347,2023-03-11 06:48:35.000 UTC,0,0,,0
0xadb666fcd6a832a7735e8aad1926bd25027f5fbf,2023-03-11 02:58:35.000 UTC,0,0,,0
0xf1c206dd83ee2b8e6ea675cf827c93c58486b972,2023-03-11 12:16:35.000 UTC,0,0,,0
0x519ebedcb61498e2ebabe8d8b9ff8b168fa5fb3b,2023-03-11 04:54:59.000 UTC,0,0,,0
0xb5984127f94fe8649d9d9c9e84907f70c185aa5e,2023-03-13 23:05:23.000 UTC,0,0,,0
0x8594d7a13bd4da9bc6bab2a2383fefbe039499ee,2023-03-11 12:58:59.000 UTC,0,0,,0
0xdc16c1cea9bc13c38502f49eeb9cfa6fb118d7db,2023-03-11 01:52:23.000 UTC,0,0,,0
0xf8136974108d386c17a465f604607a29c19f2eeb,2023-03-10 20:47:11.000 UTC,0,0,,0
0x6ccd1bd47dcaa73887519034cad8701d459936b9,2023-03-10 21:16:23.000 UTC,0,0,,0
0x723354d40971e2554ed97ba2f28441fd9bd9d666,2023-03-11 02:32:11.000 UTC,0,0,,0
0x5948de29bf989a1b5a7587c5f64624655c86a542,2023-03-10 02:11:47.000 UTC,0,0,,0
0x5e3026fb980f7a4aa10bd16cd7e6dfadbbae65c4,2023-03-10 18:30:11.000 UTC,0,0,,0
0xd8af19cec55374cf424f98effe9c40fd45128ad1,2023-03-12 22:57:47.000 UTC,0,0,,0
0x57adcebf3acd6d7cec940b60e7eed8fc4cb05e70,2023-03-14 22:38:47.000 UTC,0,0,,0
0x35a807f9dd68c7b03a992477f85cf5a08ee9a69e,2023-03-10 03:29:11.000 UTC,0,0,,0
0xfbe87d602f7d7dd511349be4acf58842392124a0,2023-03-09 00:01:59.000 UTC,0,0,,0
0x40b6df5f6217fb1a1beaf8fdbb9572304aa78c4d,2023-03-11 02:23:23.000 UTC,0,0,,0
0x805bcd80cb4b6453e09313b372a7b62d1261af49,2023-03-13 17:04:11.000 UTC,0,0,,0
0xb1bd5762faf7d6f86f965a3ff324bd81bb746d00,2023-03-11 23:47:47.000 UTC,0,0,,0
0x9166c0793703456560d405902591155ec84f4446,2023-03-12 08:06:35.000 UTC,0,0,,0
0xb71cd2a879c8d887ea8d75155ff51116178641c0,2023-03-13 06:19:35.000 UTC,0,0,,0
0x72b203e4f758cdb80ca5bcaa2a1e2c4df12d9dc4,2023-03-11 03:45:47.000 UTC,0,0,,0
0x1eab3b222a5b57474e0c237e7e1c4312c1066855,2023-03-11 06:49:11.000 UTC,0,0,,0
0x2747363d886c7fdcc5187217f1ca493922aa4940,2023-03-09 15:34:11.000 UTC,0,0,,0
0x1640e916e10610ba39aac5cd8a08acf3ccae1a4c,2023-03-11 05:54:47.000 UTC,0,0,,0
0x1b3ede8d998706f30f3b23a6be71be3ee6d331bc,2023-03-12 21:06:59.000 UTC,0,0,,0
0xaa58d64f9ca0d6436f903a4d590ad8e5982c8030,2023-03-10 20:46:23.000 UTC,0,0,,0
0x71e4627ee0e412842e8f799912f0ac2c74dc5ec5,2023-03-11 06:04:59.000 UTC,0,0,,0
0x6c86b9442246ff449eb67b969c4fa51f43253858,2023-03-10 21:24:47.000 UTC,0,0,,0
0x385a72e28a999bc261fc4196287328121c475575,2023-03-12 03:12:47.000 UTC,0,0,,0
0x163407fda1a93941358c1bfda39a868599553b6d,2023-03-11 06:46:23.000 UTC,0,0,,0
0xe101fa89c4b50befff65bb4c2ac15f6aeb1910c5,2023-03-11 13:13:23.000 UTC,0,0,,0
0xc2944a3505a08f2facf006800e38818a52216f4b,2023-03-11 15:17:35.000 UTC,0,0,,0
0x0f7494e3e1215af0fa0c4f2d073c496db58c10f2,2023-03-10 23:01:23.000 UTC,0,0,,0
0xa32f9fb776bdccc63fd1f87917225dedfe5548d5,2023-03-14 08:06:47.000 UTC,0,0,,0
0x171c53d55b1bcb725f660677d9e8bad7fd084282,2023-03-13 00:34:59.000 UTC,0,0,,0
0x624ed28e12d3d010929cb2a400af73656d1f13dc,2023-03-13 22:45:11.000 UTC,0,0,,0
0x1109297e392d92c1613fdbdf30579a0215c20da9,2023-03-11 19:37:11.000 UTC,0,0,,0
0x942f2d75e01fa5eaf9e127b22326c12311ac5bc1,2023-03-11 10:51:47.000 UTC,0,0,,0
0x05c870783da238c5bd0cb7322fb7397afbb97f29,2023-03-12 03:43:47.000 UTC,0,0,,0
0x17e033bdf1b0a9b2fc0d0d270fa8a1e5e460b782,2023-03-11 03:54:23.000 UTC,0,0,,0
0xf6606a5f64af907dc2b56abbd3df465bef5a2ea3,2023-03-11 10:28:23.000 UTC,0,0,,0
0xabc9ba2ca9ecc3aed48399643ff59592daa1cb97,2023-03-11 02:46:59.000 UTC,0,0,,0
